order_id,customer_id,order_date,status
1,1058,2024-05-04,delivered
2,430,2024-05-03,cancelled
3,1517,2025-09-11,delivered
4,649,2025-03-01,delivered
5,186,2026-03-29,delivered
6,979,2024-09-18,delivered
7,1936,2025-04-12,delivered
8,779,2026-04-02,delivered
9,1970,2026-05-28,delivered
10,739,2026-08-26,delivered
11,134,2025-03-20,cancelled
12,1336,2024-11-03,delivered
13,1437,2024-03-27,shipped
14,1660,2025-02-03,cancelled
15,33,2026-09-01,returned
16,1495,2025-10-24,cancelled
17,93,2024-05-24,processing
18,364,2025-08-01,delivered
19,1063,2024-06-08,delivered
20,963,2026-02-19,delivered
21,1222,2026-04-01,delivered
22,1516,2025-11-07,delivered
23,1265,2025-02-28,processing
24,859,2024-06-25,delivered
25,1063,2024-06-04,shipped
26,1660,2025-11-15,delivered
27,1801,2026-08-05,delivered
28,333,2024-01-31,delivered
29,627,2025-02-17,shipped
30,1862,2026-05-11,delivered
31,658,2024-01-30,processing
32,680,2024-01-30,cancelled
33,71,2026-01-22,cancelled
34,1872,2025-02-21,delivered
35,773,2026-02-19,delivered
36,1076,2024-06-22,delivered
37,31,2024-12-23,cancelled
38,189,2025-03-05,returned
39,231,2025-05-02,delivered
40,851,2026-05-26,cancelled
41,902,2024-05-17,processing
42,1658,2025-10-14,delivered
43,976,2025-04-25,cancelled
44,527,2024-05-11,delivered
45,1106,2025-01-09,returned
46,1369,2026-01-03,delivered
47,1010,2026-02-05,processing
48,1170,2024-07-19,delivered
49,1055,2024-05-12,processing
50,293,2024-08-18,shipped
51,1523,2024-04-07,shipped
52,579,2026-06-27,shipped
53,512,2024-08-19,delivered
54,1496,2025-11-06,delivered
55,1456,2025-04-18,shipped
56,1065,2025-06-13,delivered
57,1810,2024-09-30,processing
58,270,2024-12-01,delivered
59,1355,2024-05-28,delivered
60,1915,2026-05-21,delivered
61,1856,2026-03-29,delivered
62,99,2026-03-24,delivered
63,374,2024-01-15,delivered
64,70,2026-05-05,processing
65,332,2025-02-10,delivered
66,1172,2025-05-07,delivered
67,705,2024-07-11,shipped
68,1674,2025-08-14,delivered
69,440,2025-04-09,shipped
70,1118,2025-03-26,delivered
71,573,2025-11-02,processing
72,1893,2024-12-11,delivered
73,1828,2024-07-09,delivered
74,1653,2026-06-11,delivered
75,1125,2025-04-12,shipped
76,1369,2026-05-26,delivered
77,1064,2024-09-26,delivered
78,749,2025-03-12,shipped
79,1976,2025-07-10,delivered
80,466,2025-04-13,processing
81,247,2025-07-17,shipped
82,259,2026-06-13,delivered
83,927,2025-03-22,delivered
84,1925,2024-03-25,returned
85,1991,2025-05-31,delivered
86,1680,2026-08-21,cancelled
87,1047,2024-07-18,delivered
88,1394,2024-08-15,processing
89,407,2026-01-21,shipped
90,1077,2025-09-07,processing
91,1153,2026-05-30,delivered
92,97,2026-03-30,delivered
93,1105,2024-08-23,shipped
94,1088,2024-06-19,delivered
95,206,2025-11-27,delivered
96,1300,2026-05-29,shipped
97,1727,2026-08-10,processing
98,312,2025-07-07,cancelled
99,1249,2025-03-10,processing
100,571,2024-02-20,returned
101,1944,2025-02-14,delivered
102,1846,2025-06-18,returned
103,1831,2025-05-02,delivered
104,279,2026-01-08,cancelled
105,1,2024-03-17,delivered
106,1139,2025-11-15,delivered
107,1891,2026-01-21,shipped
108,1965,2024-03-09,delivered
109,841,2024-05-23,delivered
110,1685,2024-06-13,processing
111,1653,2026-08-31,returned
112,802,2026-03-16,delivered
113,859,2025-02-04,delivered
114,510,2026-05-04,delivered
115,464,2026-08-29,delivered
116,1829,2025-02-15,delivered
117,1515,2025-08-22,cancelled
118,311,2024-07-29,delivered
119,1377,2024-10-09,processing
120,23,2025-10-14,delivered
121,638,2025-06-20,delivered
122,1288,2025-09-04,delivered
123,1353,2025-03-24,delivered
124,256,2025-07-08,shipped
125,931,2024-06-06,delivered
126,1545,2026-07-21,shipped
127,1793,2024-10-05,cancelled
128,84,2025-01-25,processing
129,524,2024-04-25,shipped
130,873,2025-08-22,delivered
131,1454,2025-12-09,processing
132,998,2026-02-15,delivered
133,1071,2024-04-15,delivered
134,1499,2025-09-09,returned
135,1772,2025-01-06,delivered
136,1741,2025-11-11,delivered
137,1437,2025-03-18,delivered
138,1307,2024-04-17,processing
139,574,2026-05-12,shipped
140,565,2026-07-15,delivered
141,1041,2024-12-02,delivered
142,1713,2024-09-14,returned
143,171,2024-01-14,delivered
144,1651,2025-05-12,delivered
145,1014,2024-08-14,delivered
146,1364,2024-09-29,delivered
147,1600,2026-04-26,shipped
148,1149,2025-09-13,processing
149,770,2025-09-13,delivered
150,1895,2025-11-14,delivered
151,1233,2024-04-20,delivered
152,1626,2025-10-20,returned
153,1179,2024-04-07,delivered
154,1565,2024-09-01,delivered
155,1378,2025-12-27,cancelled
156,864,2026-04-14,delivered
157,1525,2024-02-10,delivered
158,1615,2025-03-26,processing
159,1175,2026-06-03,delivered
160,1926,2025-02-12,processing
161,1287,2026-02-01,processing
162,1371,2026-07-18,delivered
163,1162,2024-07-04,delivered
164,1938,2024-12-02,delivered
165,1886,2025-02-26,processing
166,1494,2025-04-12,processing
167,520,2025-01-02,processing
168,705,2024-12-26,returned
169,510,2024-10-10,delivered
170,98,2024-11-28,delivered
171,1301,2024-09-26,processing
172,329,2024-08-02,delivered
173,1769,2025-07-14,shipped
174,1517,2025-02-14,processing
175,1600,2026-04-15,delivered
176,1024,2026-05-27,delivered
177,721,2025-09-23,delivered
178,1649,2026-05-06,returned
179,649,2026-04-28,delivered
180,1873,2026-01-09,delivered
181,832,2024-11-16,shipped
182,1310,2024-07-09,processing
183,415,2024-09-28,processing
184,995,2024-12-25,delivered
185,897,2026-07-06,delivered
186,327,2024-06-21,delivered
187,229,2024-07-13,delivered
188,1862,2025-06-02,shipped
189,1148,2024-10-30,processing
190,1103,2024-07-01,delivered
191,1425,2024-03-18,delivered
192,186,2025-12-29,delivered
193,1796,2025-11-10,delivered
194,540,2024-05-29,shipped
195,1092,2024-12-28,delivered
196,1887,2025-01-29,delivered
197,1959,2026-01-23,processing
198,1818,2026-03-28,delivered
199,1168,2024-03-25,delivered
200,461,2025-03-29,processing
201,504,2025-07-15,delivered
202,561,2024-01-27,delivered
203,1707,2025-12-12,returned
204,503,2026-06-15,delivered
205,1327,2026-04-11,delivered
206,26,2024-10-30,delivered
207,43,2026-05-28,shipped
208,1717,2025-03-25,delivered
209,1129,2025-08-04,delivered
210,382,2026-05-18,delivered
211,819,2025-10-04,delivered
212,1848,2025-01-31,shipped
213,1448,2026-03-26,returned
214,1646,2026-03-31,delivered
215,759,2025-01-08,cancelled
216,1919,2024-08-28,delivered
217,732,2024-03-19,returned
218,276,2024-11-25,processing
219,1439,2024-09-09,processing
220,1186,2024-05-11,delivered
221,1879,2026-03-14,returned
222,1451,2025-05-02,delivered
223,215,2026-04-06,processing
224,467,2026-01-07,delivered
225,1438,2025-10-22,returned
226,1682,2024-08-17,delivered
227,1177,2026-05-06,delivered
228,1268,2025-03-24,delivered
229,894,2024-03-07,returned
230,351,2024-01-23,delivered
231,1145,2025-10-27,delivered
232,712,2025-05-03,processing
233,303,2024-03-06,shipped
234,134,2026-01-06,delivered
235,517,2026-08-28,cancelled
236,57,2025-12-31,delivered
237,883,2025-12-22,processing
238,274,2025-02-09,delivered
239,926,2024-11-13,delivered
240,1382,2024-11-07,delivered
241,1168,2026-03-28,cancelled
242,1938,2025-02-20,delivered
243,1106,2025-11-28,delivered
244,1767,2024-01-07,returned
245,109,2025-12-30,processing
246,1204,2024-05-02,processing
247,146,2025-09-20,delivered
248,848,2026-01-17,delivered
249,399,2024-09-11,returned
250,1585,2026-02-16,returned
251,1712,2024-07-04,delivered
252,1903,2025-05-21,shipped
253,680,2024-04-01,delivered
254,827,2025-08-10,shipped
255,1404,2025-01-31,processing
256,781,2025-12-14,delivered
257,1736,2024-12-17,delivered
258,638,2024-12-29,delivered
259,882,2026-06-19,delivered
260,186,2024-07-07,delivered
261,411,2024-08-20,delivered
262,1326,2025-10-10,delivered
263,926,2026-02-08,delivered
264,528,2024-01-21,cancelled
265,125,2025-07-24,delivered
266,765,2024-04-07,delivered
267,1974,2025-06-25,delivered
268,670,2025-01-28,delivered
269,1639,2026-07-15,delivered
270,768,2026-05-29,delivered
271,354,2024-07-12,shipped
272,1021,2024-07-05,delivered
273,1999,2024-12-19,delivered
274,1400,2026-07-23,delivered
275,767,2025-08-10,delivered
276,903,2025-12-24,processing
277,1582,2024-06-30,delivered
278,1668,2026-04-18,delivered
279,1275,2024-02-09,cancelled
280,1820,2026-03-23,cancelled
281,1654,2026-08-14,delivered
282,597,2024-04-20,delivered
283,370,2025-08-27,delivered
284,1844,2024-04-12,delivered
285,1236,2024-06-07,returned
286,1885,2024-12-11,cancelled
287,1902,2025-11-05,delivered
288,797,2026-03-13,delivered
289,239,2025-11-15,delivered
290,693,2024-09-09,delivered
291,491,2026-04-17,delivered
292,1627,2025-02-17,delivered
293,121,2026-07-27,returned
294,984,2026-04-10,processing
295,1351,2025-12-25,processing
296,1211,2024-04-11,processing
297,187,2025-11-10,shipped
298,1868,2025-06-23,delivered
299,1439,2025-06-28,delivered
300,1551,2025-07-13,shipped
301,579,2024-11-24,delivered
302,1564,2024-07-21,delivered
303,1283,2025-03-12,delivered
304,773,2024-03-25,delivered
305,1007,2024-04-16,delivered
306,992,2025-09-16,delivered
307,1020,2026-03-16,processing
308,1579,2025-12-01,shipped
309,1081,2026-05-01,delivered
310,1940,2024-04-01,delivered
311,1204,2026-02-04,cancelled
312,1112,2024-06-26,shipped
313,1514,2024-02-19,delivered
314,97,2024-11-06,delivered
315,721,2025-07-04,delivered
316,1691,2025-12-01,cancelled
317,1513,2025-06-04,delivered
318,366,2025-06-04,delivered
319,1432,2024-02-15,cancelled
320,203,2025-04-13,cancelled
321,1828,2024-08-14,shipped
322,150,2026-01-01,delivered
323,424,2025-08-07,shipped
324,32,2024-02-16,cancelled
325,422,2026-07-10,shipped
326,1893,2024-10-24,delivered
327,493,2025-11-06,processing
328,1703,2024-12-04,returned
329,799,2026-04-26,delivered
330,1880,2026-05-07,delivered
331,320,2024-05-25,delivered
332,1274,2025-11-15,delivered
333,1889,2025-03-08,shipped
334,1455,2026-06-03,cancelled
335,635,2024-07-28,cancelled
336,1339,2026-01-24,cancelled
337,839,2025-12-07,delivered
338,1687,2025-02-27,delivered
339,1726,2026-07-11,delivered
340,1596,2025-05-14,delivered
341,22,2025-10-03,shipped
342,86,2025-12-13,processing
343,264,2025-11-09,shipped
344,145,2025-10-14,delivered
345,326,2026-07-12,processing
346,137,2024-07-06,delivered
347,343,2026-08-24,shipped
348,1957,2025-11-28,shipped
349,1424,2025-02-11,delivered
350,587,2024-10-18,processing
351,536,2024-04-21,processing
352,809,2026-04-22,cancelled
353,414,2026-08-31,delivered
354,1734,2025-05-24,delivered
355,1062,2024-02-06,delivered
356,224,2024-04-24,delivered
357,1707,2025-02-01,delivered
358,1562,2025-12-11,processing
359,496,2025-03-22,shipped
360,898,2026-01-26,delivered
361,1223,2026-02-26,delivered
362,1913,2025-05-30,processing
363,388,2026-02-25,delivered
364,652,2024-02-14,delivered
365,1943,2024-06-05,delivered
366,1947,2024-09-13,cancelled
367,718,2025-04-18,delivered
368,1320,2024-02-27,delivered
369,314,2026-08-27,delivered
370,131,2024-08-18,delivered
371,399,2024-12-09,shipped
372,899,2024-01-26,cancelled
373,143,2026-05-13,delivered
374,1083,2024-10-21,delivered
375,294,2025-07-14,returned
376,117,2024-04-24,shipped
377,840,2025-06-14,delivered
378,1267,2026-01-07,delivered
379,1911,2024-11-25,delivered
380,294,2026-07-12,delivered
381,479,2024-01-07,delivered
382,1153,2024-02-29,processing
383,1575,2025-08-03,delivered
384,460,2026-02-19,shipped
385,1155,2025-07-12,delivered
386,1329,2026-04-23,cancelled
387,1920,2025-08-08,shipped
388,579,2025-12-03,shipped
389,921,2026-07-21,shipped
390,1399,2025-05-17,shipped
391,707,2025-10-13,delivered
392,1883,2026-07-09,delivered
393,1099,2026-06-19,delivered
394,296,2024-10-20,shipped
395,358,2025-02-01,returned
396,1807,2024-06-13,delivered
397,43,2025-03-18,processing
398,295,2024-02-13,delivered
399,1456,2026-06-19,delivered
400,465,2025-02-15,delivered
401,1284,2024-12-27,delivered
402,832,2025-03-07,cancelled
403,944,2026-01-21,delivered
404,1951,2025-02-01,delivered
405,692,2024-11-29,shipped
406,273,2026-01-10,delivered
407,504,2024-08-10,shipped
408,1165,2024-07-18,cancelled
409,1494,2025-11-06,processing
410,745,2026-07-10,delivered
411,1767,2026-02-21,processing
412,768,2025-10-21,delivered
413,805,2024-05-24,delivered
414,1112,2025-10-29,delivered
415,1853,2026-05-02,returned
416,1782,2025-09-30,delivered
417,409,2024-08-10,delivered
418,1823,2024-06-09,shipped
419,1920,2025-06-13,delivered
420,1932,2025-03-29,delivered
421,423,2025-01-30,delivered
422,353,2024-10-06,returned
423,1394,2025-07-30,processing
424,1314,2025-02-15,delivered
425,1641,2024-07-21,delivered
426,649,2025-04-24,delivered
427,1513,2024-05-13,processing
428,997,2024-11-19,shipped
429,1564,2025-09-19,delivered
430,1287,2026-06-15,delivered
431,199,2026-03-16,delivered
432,44,2024-01-09,cancelled
433,1781,2024-02-24,delivered
434,185,2024-11-16,cancelled
435,731,2024-07-26,shipped
436,1962,2024-08-06,delivered
437,136,2025-01-06,shipped
438,647,2025-08-20,cancelled
439,915,2025-05-01,delivered
440,359,2024-10-23,delivered
441,1644,2025-07-29,delivered
442,1804,2024-06-04,delivered
443,243,2025-06-29,cancelled
444,840,2024-06-11,delivered
445,1288,2025-04-25,shipped
446,576,2025-12-07,processing
447,511,2024-04-26,shipped
448,301,2026-07-20,delivered
449,1548,2024-02-10,delivered
450,781,2025-04-29,delivered
451,350,2026-02-24,delivered
452,1410,2026-04-17,delivered
453,904,2025-08-21,delivered
454,917,2026-07-04,delivered
455,1008,2026-08-27,shipped
456,705,2026-06-25,delivered
457,175,2026-06-26,delivered
458,363,2024-05-18,shipped
459,1388,2025-02-07,cancelled
460,228,2026-08-15,processing
461,1370,2024-07-20,returned
462,657,2024-10-26,shipped
463,1944,2026-03-16,delivered
464,1235,2026-03-29,delivered
465,1274,2026-07-01,delivered
466,347,2025-01-08,processing
467,394,2025-06-09,delivered
468,1066,2026-07-14,cancelled
469,1003,2024-11-22,cancelled
470,107,2025-10-26,delivered
471,628,2024-09-26,delivered
472,887,2024-12-11,delivered
473,1536,2026-02-16,shipped
474,1351,2024-03-23,delivered
475,65,2024-05-13,cancelled
476,1898,2025-10-01,delivered
477,1175,2024-01-20,delivered
478,409,2026-07-15,delivered
479,796,2024-02-06,shipped
480,554,2025-12-14,delivered
481,752,2026-04-02,delivered
482,1606,2025-03-10,delivered
483,701,2024-05-15,cancelled
484,1473,2024-09-24,delivered
485,1002,2024-10-15,delivered
486,1871,2025-04-05,cancelled
487,174,2026-04-04,shipped
488,653,2026-06-01,delivered
489,233,2024-01-24,processing
490,1652,2026-02-19,delivered
491,153,2024-06-30,delivered
492,316,2025-08-08,processing
493,1596,2024-03-30,processing
494,20,2026-01-10,delivered
495,1653,2024-12-15,cancelled
496,1265,2024-03-13,delivered
497,1283,2026-06-11,returned
498,1293,2026-06-13,delivered
499,1362,2024-04-18,shipped
500,116,2025-12-22,delivered
501,1881,2026-02-02,cancelled
502,381,2024-04-03,shipped
503,188,2024-01-04,delivered
504,1405,2024-08-26,delivered
505,1469,2024-03-22,delivered
506,1281,2025-06-26,delivered
507,1675,2024-07-21,shipped
508,1015,2025-09-11,shipped
509,961,2024-10-21,shipped
510,1213,2026-06-04,processing
511,907,2024-07-08,delivered
512,163,2024-06-29,returned
513,540,2024-05-27,cancelled
514,1179,2024-07-12,shipped
515,1440,2026-02-18,delivered
516,384,2026-05-18,delivered
517,467,2024-06-15,delivered
518,1713,2025-08-29,delivered
519,845,2025-06-02,shipped
520,447,2025-03-12,delivered
521,707,2026-01-23,delivered
522,15,2025-11-01,cancelled
523,1400,2024-09-14,delivered
524,331,2024-03-07,delivered
525,1012,2024-12-18,cancelled
526,124,2025-09-26,processing
527,881,2024-03-22,shipped
528,1841,2026-01-03,delivered
529,1525,2025-11-21,delivered
530,1205,2026-02-28,cancelled
531,741,2025-12-15,shipped
532,1389,2024-03-08,delivered
533,1490,2026-05-09,delivered
534,734,2026-01-30,processing
535,759,2025-05-26,delivered
536,1002,2024-11-16,delivered
537,1526,2024-07-13,delivered
538,350,2024-02-13,shipped
539,840,2025-04-21,cancelled
540,665,2026-08-03,processing
541,1936,2025-02-16,delivered
542,1842,2025-04-20,delivered
543,291,2026-01-25,processing
544,860,2026-08-30,delivered
545,286,2026-03-18,delivered
546,1783,2025-10-09,delivered
547,749,2024-01-15,delivered
548,1675,2025-11-08,cancelled
549,310,2025-08-30,cancelled
550,445,2024-04-07,delivered
551,968,2024-06-02,delivered
552,406,2024-01-23,delivered
553,325,2024-11-06,processing
554,1749,2025-07-16,delivered
555,390,2025-05-13,shipped
556,1023,2025-03-19,delivered
557,1745,2024-06-12,delivered
558,1364,2024-03-02,delivered
559,218,2024-03-09,returned
560,1446,2025-05-03,shipped
561,290,2024-08-28,delivered
562,1013,2026-04-02,delivered
563,1005,2024-01-14,returned
564,1294,2024-06-11,delivered
565,637,2025-12-01,shipped
566,1253,2024-05-04,delivered
567,1085,2024-10-15,delivered
568,765,2026-04-06,shipped
569,263,2025-01-13,delivered
570,970,2024-03-05,delivered
571,758,2025-03-03,delivered
572,1935,2024-11-30,shipped
573,1864,2026-06-11,cancelled
574,1299,2026-07-26,cancelled
575,976,2026-03-16,delivered
576,698,2025-08-14,processing
577,1431,2024-07-18,cancelled
578,1978,2024-11-25,processing
579,1173,2026-07-22,delivered
580,1215,2025-09-16,delivered
581,1679,2024-09-12,delivered
582,963,2026-06-30,delivered
583,1047,2026-06-20,delivered
584,1537,2024-05-31,shipped
585,167,2025-06-25,delivered
586,1235,2026-07-11,cancelled
587,1963,2026-01-15,delivered
588,921,2025-02-02,processing
589,1621,2026-02-27,delivered
590,294,2025-01-07,processing
591,121,2025-04-30,delivered
592,1297,2024-01-04,delivered
593,1690,2025-09-27,delivered
594,300,2026-03-13,delivered
595,656,2025-05-11,returned
596,1239,2026-06-23,delivered
597,1688,2026-04-10,shipped
598,1962,2026-08-03,delivered
599,247,2024-10-29,shipped
600,1507,2026-06-25,delivered
601,1637,2025-05-31,delivered
602,1620,2025-01-20,delivered
603,1677,2026-05-23,delivered
604,535,2024-07-28,delivered
605,52,2024-01-30,shipped
606,1562,2025-03-07,delivered
607,953,2026-03-05,cancelled
608,303,2025-04-02,shipped
609,1138,2024-06-09,delivered
610,1554,2024-11-17,delivered
611,561,2025-04-11,delivered
612,1447,2025-09-13,delivered
613,334,2025-08-23,delivered
614,1959,2024-01-18,delivered
615,1778,2024-11-30,delivered
616,756,2024-05-25,delivered
617,1476,2025-01-19,delivered
618,1288,2025-03-20,shipped
619,811,2024-07-01,delivered
620,1713,2026-02-17,delivered
621,580,2024-11-27,delivered
622,1165,2024-02-10,cancelled
623,115,2026-01-10,shipped
624,271,2025-05-23,delivered
625,140,2024-05-23,delivered
626,1071,2024-06-16,cancelled
627,482,2024-04-04,processing
628,1992,2024-12-31,delivered
629,846,2024-12-17,processing
630,1009,2025-02-14,delivered
631,1075,2025-03-02,shipped
632,811,2025-12-12,delivered
633,1686,2024-04-01,processing
634,919,2024-06-11,delivered
635,1867,2026-06-08,delivered
636,491,2024-02-27,shipped
637,1143,2024-01-25,delivered
638,1727,2025-12-15,delivered
639,87,2024-02-13,delivered
640,477,2026-08-30,delivered
641,1783,2024-05-20,delivered
642,662,2025-01-31,processing
643,1373,2025-02-09,delivered
644,1568,2024-10-23,delivered
645,1372,2026-01-01,shipped
646,1127,2024-03-10,delivered
647,1208,2024-02-06,delivered
648,1194,2025-05-18,delivered
649,1438,2024-03-23,delivered
650,754,2025-06-05,cancelled
651,337,2025-02-10,delivered
652,1099,2024-01-08,cancelled
653,1525,2025-09-29,delivered
654,1140,2025-01-18,delivered
655,328,2026-05-04,delivered
656,1245,2024-09-19,delivered
657,670,2026-07-08,delivered
658,245,2025-10-28,delivered
659,60,2025-04-01,shipped
660,1335,2025-11-18,delivered
661,831,2024-07-28,delivered
662,86,2025-01-31,processing
663,1522,2026-08-13,cancelled
664,410,2026-02-16,delivered
665,1531,2024-11-01,processing
666,1381,2024-08-07,cancelled
667,1675,2024-11-06,delivered
668,112,2025-10-25,shipped
669,1161,2026-06-30,cancelled
670,517,2024-08-10,delivered
671,635,2024-01-13,delivered
672,371,2026-05-31,delivered
673,1024,2026-08-27,shipped
674,1475,2024-12-01,delivered
675,801,2025-09-08,processing
676,1886,2025-05-18,delivered
677,1223,2024-10-19,processing
678,1367,2026-05-27,cancelled
679,160,2025-09-23,delivered
680,1,2026-05-23,delivered
681,103,2026-05-27,delivered
682,562,2026-08-10,delivered
683,912,2025-01-25,shipped
684,1969,2024-06-12,delivered
685,754,2024-08-08,shipped
686,1989,2025-03-09,shipped
687,764,2024-03-18,delivered
688,1339,2024-01-23,delivered
689,72,2026-07-09,delivered
690,291,2024-09-26,delivered
691,1910,2026-06-27,returned
692,1874,2024-07-28,delivered
693,1304,2026-02-01,returned
694,1624,2024-02-01,cancelled
695,1909,2025-05-02,delivered
696,231,2024-03-29,shipped
697,933,2026-06-09,cancelled
698,1424,2025-07-24,delivered
699,47,2025-12-20,delivered
700,130,2026-01-18,shipped
701,442,2024-03-07,delivered
702,773,2024-01-31,delivered
703,886,2026-04-30,delivered
704,359,2024-01-14,delivered
705,91,2025-11-03,delivered
706,1577,2026-06-16,delivered
707,577,2026-01-06,delivered
708,1643,2024-09-30,delivered
709,557,2026-06-11,delivered
710,1413,2025-04-03,processing
711,1332,2024-02-15,cancelled
712,1711,2026-05-27,delivered
713,1950,2025-12-20,delivered
714,475,2026-01-02,processing
715,97,2024-10-20,delivered
716,1225,2025-01-11,delivered
717,968,2025-07-11,delivered
718,1349,2026-07-12,delivered
719,1129,2025-07-07,delivered
720,1506,2025-10-16,delivered
721,357,2025-08-17,delivered
722,958,2024-12-21,processing
723,303,2026-04-13,shipped
724,1822,2025-05-21,shipped
725,836,2025-01-03,returned
726,178,2025-09-08,delivered
727,282,2024-12-06,cancelled
728,1322,2025-04-22,delivered
729,1105,2026-06-01,shipped
730,1823,2024-02-13,delivered
731,1881,2026-05-30,returned
732,298,2025-09-05,delivered
733,1296,2026-05-01,shipped
734,1744,2026-03-28,delivered
735,1672,2026-03-22,delivered
736,1420,2025-02-09,delivered
737,859,2026-06-20,delivered
738,1027,2025-07-11,delivered
739,213,2025-08-12,delivered
740,1914,2025-07-17,shipped
741,338,2026-01-27,delivered
742,1454,2026-03-17,delivered
743,240,2024-11-29,shipped
744,1633,2025-01-17,delivered
745,809,2025-06-19,shipped
746,805,2024-08-12,delivered
747,1536,2025-02-21,shipped
748,218,2024-08-19,shipped
749,930,2024-06-08,processing
750,1834,2026-02-10,delivered
751,2,2026-07-03,processing
752,1034,2026-03-30,delivered
753,296,2026-07-26,delivered
754,1946,2024-11-09,delivered
755,832,2024-11-06,processing
756,1110,2025-10-15,delivered
757,1669,2024-07-14,delivered
758,64,2024-10-29,delivered
759,381,2026-04-27,processing
760,147,2024-03-09,delivered
761,1948,2024-05-01,delivered
762,733,2025-11-08,delivered
763,1430,2025-09-03,delivered
764,795,2025-01-18,delivered
765,878,2025-09-26,delivered
766,980,2025-10-12,shipped
767,86,2025-11-26,delivered
768,65,2025-05-26,delivered
769,64,2024-09-18,shipped
770,1764,2026-03-27,delivered
771,1104,2026-02-27,delivered
772,1411,2025-08-24,shipped
773,719,2026-08-29,returned
774,1005,2024-01-28,delivered
775,1972,2025-05-14,processing
776,178,2025-05-01,delivered
777,189,2024-03-25,delivered
778,1702,2026-01-02,shipped
779,193,2025-04-10,delivered
780,691,2024-09-04,shipped
781,962,2024-02-05,delivered
782,1132,2026-03-06,shipped
783,925,2024-08-09,shipped
784,195,2024-01-11,shipped
785,1216,2026-06-02,shipped
786,58,2026-08-15,delivered
787,142,2025-05-29,delivered
788,563,2025-12-14,delivered
789,1642,2026-08-05,delivered
790,1484,2024-02-19,delivered
791,241,2025-12-15,delivered
792,357,2026-07-12,delivered
793,1749,2024-06-15,delivered
794,1232,2024-12-05,delivered
795,1407,2024-06-07,returned
796,158,2024-07-22,delivered
797,511,2024-01-06,delivered
798,1525,2026-04-06,shipped
799,362,2026-03-02,delivered
800,620,2024-07-06,delivered
801,1773,2025-11-30,delivered
802,1011,2024-08-22,shipped
803,1656,2025-12-18,cancelled
804,238,2024-04-13,delivered
805,271,2026-01-28,returned
806,1240,2025-07-30,delivered
807,1017,2025-01-10,processing
808,881,2024-01-22,shipped
809,1839,2025-12-11,delivered
810,1114,2024-04-18,delivered
811,69,2024-10-12,delivered
812,1438,2025-03-08,delivered
813,179,2024-09-26,cancelled
814,1362,2025-01-01,delivered
815,1039,2026-07-30,delivered
816,1901,2026-06-15,delivered
817,50,2024-06-14,delivered
818,383,2025-11-11,delivered
819,1352,2025-07-13,delivered
820,539,2025-05-04,delivered
821,1618,2025-11-03,delivered
822,847,2024-04-28,delivered
823,476,2024-07-26,delivered
824,273,2026-02-03,shipped
825,23,2025-01-15,delivered
826,1615,2024-01-13,delivered
827,1364,2024-09-29,delivered
828,19,2024-11-06,cancelled
829,281,2024-11-23,cancelled
830,1763,2025-05-06,processing
831,387,2025-11-10,delivered
832,981,2024-08-07,delivered
833,795,2025-07-20,shipped
834,1109,2026-05-29,processing
835,300,2025-11-14,delivered
836,1045,2024-05-28,processing
837,140,2025-05-04,delivered
838,149,2025-08-02,delivered
839,1284,2026-02-10,delivered
840,1282,2025-01-05,cancelled
841,1696,2024-09-25,delivered
842,1541,2025-03-18,delivered
843,657,2026-03-10,delivered
844,395,2025-11-18,shipped
845,766,2025-02-04,delivered
846,1713,2026-06-06,delivered
847,1859,2024-05-10,delivered
848,1945,2026-03-20,delivered
849,833,2025-10-23,cancelled
850,1302,2024-06-10,delivered
851,1068,2024-10-21,delivered
852,154,2025-03-19,delivered
853,855,2024-03-08,delivered
854,1443,2026-07-02,processing
855,1583,2025-10-18,delivered
856,569,2025-02-06,delivered
857,1332,2026-04-06,returned
858,700,2024-11-06,processing
859,1240,2024-11-30,cancelled
860,1752,2026-08-29,delivered
861,999,2025-01-30,processing
862,1720,2025-12-05,delivered
863,1148,2026-08-03,shipped
864,1228,2025-11-07,processing
865,282,2025-04-25,delivered
866,1417,2025-05-16,returned
867,1092,2025-06-13,shipped
868,129,2024-09-14,shipped
869,1914,2024-10-04,cancelled
870,1218,2025-06-09,delivered
871,1899,2026-07-16,delivered
872,491,2025-08-02,delivered
873,1992,2024-11-09,delivered
874,687,2025-06-14,shipped
875,571,2024-09-27,delivered
876,1372,2025-11-05,delivered
877,1256,2026-06-30,processing
878,1643,2026-02-27,shipped
879,390,2025-12-04,shipped
880,1460,2025-07-09,delivered
881,419,2026-03-28,delivered
882,1066,2024-06-26,delivered
883,1481,2026-06-16,delivered
884,506,2024-07-29,delivered
885,1298,2026-04-30,delivered
886,1818,2025-10-25,processing
887,768,2024-09-08,delivered
888,1469,2024-10-04,cancelled
889,941,2025-07-04,delivered
890,522,2025-09-12,delivered
891,255,2025-01-20,processing
892,806,2024-01-04,delivered
893,1663,2026-08-14,delivered
894,1014,2025-04-10,cancelled
895,1128,2025-08-20,processing
896,1047,2025-08-04,delivered
897,545,2024-02-22,returned
898,1287,2025-05-16,delivered
899,976,2025-03-23,delivered
900,245,2024-05-23,delivered
901,741,2026-02-17,processing
902,112,2024-02-12,processing
903,569,2024-04-20,delivered
904,550,2024-05-10,processing
905,1896,2026-01-30,shipped
906,420,2024-02-10,cancelled
907,1161,2024-03-02,delivered
908,692,2025-10-01,shipped
909,583,2025-03-16,delivered
910,452,2025-09-25,shipped
911,1540,2024-09-30,cancelled
912,725,2026-05-10,delivered
913,48,2025-07-20,delivered
914,1562,2024-08-13,delivered
915,1980,2026-04-24,delivered
916,1110,2025-09-23,delivered
917,329,2024-04-03,delivered
918,1258,2024-10-03,processing
919,256,2024-04-07,delivered
920,833,2024-08-14,delivered
921,1249,2024-06-18,cancelled
922,1880,2024-08-13,delivered
923,7,2024-09-01,shipped
924,892,2025-08-16,processing
925,1740,2025-01-30,delivered
926,476,2024-04-12,processing
927,837,2025-12-30,delivered
928,308,2026-01-26,cancelled
929,1743,2025-09-21,processing
930,48,2025-07-08,processing
931,421,2026-06-21,shipped
932,895,2026-03-19,cancelled
933,702,2024-11-25,delivered
934,1040,2025-09-22,delivered
935,906,2025-09-13,delivered
936,296,2025-12-21,delivered
937,1715,2025-12-16,shipped
938,345,2026-03-17,delivered
939,447,2024-11-17,delivered
940,562,2024-09-11,shipped
941,1841,2024-08-24,delivered
942,1798,2025-04-25,returned
943,1406,2026-08-15,delivered
944,1322,2025-12-15,delivered
945,1461,2026-03-30,delivered
946,1171,2024-12-19,delivered
947,42,2025-05-17,delivered
948,913,2026-07-20,delivered
949,896,2024-09-18,delivered
950,552,2025-01-10,cancelled
951,533,2025-05-05,delivered
952,449,2026-05-24,delivered
953,1060,2025-09-05,delivered
954,401,2026-05-16,delivered
955,782,2025-01-08,delivered
956,469,2024-04-02,shipped
957,326,2024-04-04,shipped
958,1133,2024-02-21,delivered
959,1076,2026-08-12,delivered
960,306,2024-10-27,delivered
961,893,2024-10-12,cancelled
962,381,2024-08-22,delivered
963,342,2025-06-17,delivered
964,1786,2024-04-04,shipped
965,1173,2025-11-01,processing
966,1786,2026-06-06,cancelled
967,361,2024-10-22,delivered
968,1930,2025-03-09,cancelled
969,484,2024-01-18,processing
970,401,2025-09-09,shipped
971,138,2026-03-02,delivered
972,1674,2026-03-12,delivered
973,255,2026-03-08,delivered
974,1559,2025-01-12,shipped
975,313,2025-06-30,cancelled
976,504,2026-03-16,delivered
977,1752,2024-06-24,processing
978,1052,2026-04-12,delivered
979,1034,2026-07-05,delivered
980,277,2024-06-20,delivered
981,320,2026-05-16,delivered
982,1765,2025-09-15,processing
983,1176,2026-03-12,delivered
984,504,2025-04-10,delivered
985,226,2025-12-31,delivered
986,1311,2025-09-12,processing
987,138,2025-01-21,delivered
988,589,2025-04-16,delivered
989,1004,2025-11-24,processing
990,1128,2025-07-08,shipped
991,1821,2025-06-21,delivered
992,1326,2026-08-23,delivered
993,1611,2025-09-12,delivered
994,1716,2026-02-06,delivered
995,515,2025-06-20,cancelled
996,342,2025-05-30,processing
997,259,2026-04-04,delivered
998,151,2025-09-06,returned
999,1725,2024-11-01,delivered
1000,1852,2025-02-26,delivered
1001,614,2025-01-17,delivered
1002,998,2024-07-22,processing
1003,442,2025-03-21,processing
1004,1537,2024-05-30,delivered
1005,1210,2026-03-20,processing
1006,287,2025-10-26,processing
1007,812,2024-09-07,delivered
1008,1845,2024-08-20,cancelled
1009,518,2025-05-13,delivered
1010,1460,2025-04-21,delivered
1011,420,2025-04-19,delivered
1012,1966,2024-02-22,delivered
1013,299,2026-07-07,shipped
1014,208,2024-10-29,delivered
1015,718,2025-04-21,cancelled
1016,1817,2025-10-31,cancelled
1017,160,2025-09-04,delivered
1018,1682,2025-06-08,delivered
1019,83,2026-08-14,returned
1020,1736,2025-05-05,delivered
1021,679,2024-07-17,delivered
1022,1038,2024-06-18,delivered
1023,208,2024-05-29,shipped
1024,1151,2024-10-03,delivered
1025,1044,2024-08-11,shipped
1026,761,2024-01-25,delivered
1027,685,2026-03-28,shipped
1028,711,2025-09-28,delivered
1029,754,2024-02-22,processing
1030,1200,2024-05-06,cancelled
1031,1554,2025-05-14,delivered
1032,1053,2024-02-07,shipped
1033,1123,2026-01-16,shipped
1034,1037,2024-03-09,returned
1035,315,2026-08-13,processing
1036,677,2025-11-07,shipped
1037,1499,2026-01-09,shipped
1038,295,2024-05-25,processing
1039,403,2024-04-05,shipped
1040,565,2025-02-07,delivered
1041,91,2024-11-06,delivered
1042,273,2024-07-18,delivered
1043,397,2025-03-03,processing
1044,1809,2024-06-04,delivered
1045,1164,2024-09-18,returned
1046,432,2024-01-01,returned
1047,335,2026-05-29,delivered
1048,1490,2025-05-09,processing
1049,449,2025-04-24,cancelled
1050,340,2026-08-05,shipped
1051,234,2024-03-22,shipped
1052,1663,2026-07-09,delivered
1053,1491,2025-01-16,processing
1054,1958,2024-09-21,delivered
1055,1123,2026-06-29,cancelled
1056,1520,2024-12-04,shipped
1057,669,2025-06-23,delivered
1058,1397,2026-05-05,shipped
1059,1066,2025-11-29,delivered
1060,1217,2026-03-07,cancelled
1061,464,2026-04-14,delivered
1062,990,2024-10-05,delivered
1063,1043,2024-11-03,delivered
1064,1484,2025-02-18,delivered
1065,1212,2024-11-03,processing
1066,528,2024-04-19,processing
1067,1137,2024-08-16,processing
1068,449,2026-06-20,returned
1069,951,2026-07-15,delivered
1070,202,2025-12-15,delivered
1071,744,2025-02-26,shipped
1072,859,2025-08-03,delivered
1073,167,2024-09-05,delivered
1074,986,2026-08-29,cancelled
1075,136,2026-03-04,delivered
1076,1822,2024-02-28,delivered
1077,1670,2025-03-18,delivered
1078,970,2024-02-01,delivered
1079,759,2024-05-01,delivered
1080,997,2026-06-19,returned
1081,1901,2025-02-09,delivered
1082,831,2025-03-16,processing
1083,587,2024-09-06,shipped
1084,338,2024-12-10,delivered
1085,670,2025-08-30,delivered
1086,170,2024-04-13,delivered
1087,1631,2026-01-25,delivered
1088,1107,2025-03-14,delivered
1089,190,2026-08-14,returned
1090,1655,2025-12-15,shipped
1091,106,2024-01-03,delivered
1092,67,2024-05-16,delivered
1093,1728,2025-01-10,shipped
1094,1881,2026-04-26,shipped
1095,1365,2025-08-08,delivered
1096,339,2026-07-03,delivered
1097,205,2024-02-09,returned
1098,169,2024-02-10,shipped
1099,1683,2026-08-02,delivered
1100,349,2026-07-07,delivered
1101,1005,2024-04-20,delivered
1102,597,2025-09-22,processing
1103,147,2026-05-01,shipped
1104,284,2024-03-07,delivered
1105,1746,2024-09-23,delivered
1106,1590,2025-12-17,delivered
1107,1017,2025-09-13,delivered
1108,582,2024-02-02,delivered
1109,694,2025-11-11,delivered
1110,969,2026-04-09,delivered
1111,1950,2025-06-05,delivered
1112,1339,2025-12-23,processing
1113,857,2026-04-06,cancelled
1114,1627,2026-05-17,delivered
1115,669,2024-08-03,delivered
1116,305,2025-12-21,delivered
1117,163,2024-03-01,delivered
1118,242,2024-05-31,delivered
1119,920,2024-05-09,delivered
1120,151,2024-10-16,processing
1121,1409,2024-11-23,delivered
1122,1472,2025-05-08,delivered
1123,252,2026-08-10,shipped
1124,1931,2025-11-18,delivered
1125,1204,2024-11-05,cancelled
1126,430,2026-07-06,delivered
1127,70,2025-01-07,delivered
1128,393,2024-12-19,delivered
1129,65,2026-05-11,processing
1130,517,2025-02-02,delivered
1131,1020,2025-04-19,shipped
1132,815,2026-03-13,shipped
1133,663,2025-04-05,delivered
1134,670,2026-02-02,returned
1135,865,2025-11-05,delivered
1136,1875,2026-02-08,delivered
1137,1434,2024-07-07,delivered
1138,1605,2024-06-17,returned
1139,852,2024-04-05,delivered
1140,686,2024-05-31,delivered
1141,288,2024-09-02,delivered
1142,1015,2024-10-11,cancelled
1143,1477,2024-07-03,delivered
1144,1579,2024-01-10,shipped
1145,1457,2024-12-17,processing
1146,764,2024-12-11,delivered
1147,989,2026-03-01,processing
1148,1027,2024-07-25,delivered
1149,681,2025-11-27,shipped
1150,1509,2026-01-31,delivered
1151,1088,2025-02-04,cancelled
1152,1210,2025-09-19,cancelled
1153,403,2025-03-21,processing
1154,1498,2026-03-30,delivered
1155,1975,2026-01-06,delivered
1156,595,2025-07-05,returned
1157,935,2024-02-15,delivered
1158,37,2025-02-21,delivered
1159,1977,2026-03-21,delivered
1160,1699,2026-06-18,delivered
1161,950,2026-07-25,cancelled
1162,1172,2024-08-24,cancelled
1163,1710,2025-08-28,delivered
1164,543,2024-11-03,cancelled
1165,1746,2024-02-09,processing
1166,1369,2026-07-15,delivered
1167,809,2024-09-28,delivered
1168,470,2024-02-11,delivered
1169,1683,2025-04-05,delivered
1170,5,2025-03-16,delivered
1171,156,2026-04-01,processing
1172,1097,2026-04-13,cancelled
1173,1925,2025-03-02,delivered
1174,1779,2026-01-20,processing
1175,1311,2026-03-17,delivered
1176,1230,2025-11-10,delivered
1177,1189,2024-08-06,delivered
1178,1132,2024-10-21,processing
1179,1752,2024-08-28,cancelled
1180,797,2025-07-28,shipped
1181,363,2025-07-12,shipped
1182,30,2025-12-02,delivered
1183,674,2025-10-24,delivered
1184,983,2024-01-22,delivered
1185,1907,2026-02-06,shipped
1186,347,2025-11-04,delivered
1187,527,2025-03-01,delivered
1188,874,2024-07-27,shipped
1189,741,2024-04-09,processing
1190,592,2024-11-12,returned
1191,1417,2025-07-15,shipped
1192,157,2024-06-08,cancelled
1193,1748,2026-08-17,delivered
1194,491,2024-03-08,processing
1195,1627,2026-02-15,cancelled
1196,1977,2024-07-02,delivered
1197,925,2024-12-11,delivered
1198,1569,2026-05-05,processing
1199,953,2025-06-07,delivered
1200,1369,2025-09-21,delivered
1201,171,2024-12-30,processing
1202,724,2024-06-29,delivered
1203,388,2025-07-12,cancelled
1204,1486,2024-01-19,cancelled
1205,1271,2026-04-03,returned
1206,1570,2024-03-29,returned
1207,333,2024-05-29,delivered
1208,1070,2026-04-14,shipped
1209,398,2025-05-05,returned
1210,1551,2025-10-08,delivered
1211,697,2026-05-23,delivered
1212,1550,2025-03-18,delivered
1213,1050,2026-03-05,processing
1214,435,2024-06-20,delivered
1215,1306,2025-05-10,processing
1216,1532,2025-12-15,delivered
1217,1526,2024-08-20,processing
1218,1913,2026-07-23,processing
1219,1142,2026-02-28,delivered
1220,660,2025-10-19,delivered
1221,1844,2024-02-12,delivered
1222,386,2024-01-04,delivered
1223,36,2025-11-11,cancelled
1224,1329,2024-12-12,delivered
1225,1716,2024-01-08,returned
1226,1766,2025-04-19,delivered
1227,1727,2024-04-08,delivered
1228,1150,2026-02-23,delivered
1229,279,2025-04-29,delivered
1230,1130,2026-01-13,processing
1231,246,2025-10-01,processing
1232,1611,2026-05-05,shipped
1233,504,2024-11-15,delivered
1234,872,2024-10-27,delivered
1235,219,2024-02-26,cancelled
1236,1362,2024-05-20,shipped
1237,1671,2025-01-23,returned
1238,575,2024-12-14,processing
1239,153,2025-06-27,delivered
1240,1021,2024-11-11,shipped
1241,834,2024-01-24,delivered
1242,584,2024-12-01,delivered
1243,191,2026-06-09,delivered
1244,1076,2025-09-09,delivered
1245,206,2025-01-06,delivered
1246,1997,2024-09-27,processing
1247,652,2026-06-28,delivered
1248,1181,2024-08-05,delivered
1249,162,2024-08-25,delivered
1250,638,2026-05-11,processing
1251,1546,2025-07-08,cancelled
1252,164,2026-04-11,shipped
1253,1916,2025-08-14,cancelled
1254,1119,2024-10-31,cancelled
1255,1348,2024-10-31,delivered
1256,827,2026-02-09,cancelled
1257,639,2026-07-29,cancelled
1258,191,2025-11-04,delivered
1259,1518,2024-02-23,delivered
1260,194,2026-08-29,cancelled
1261,9,2024-04-19,cancelled
1262,88,2025-04-25,processing
1263,832,2025-07-08,delivered
1264,326,2025-08-28,cancelled
1265,1834,2026-03-24,delivered
1266,685,2024-06-21,delivered
1267,1881,2025-08-05,shipped
1268,213,2025-10-07,processing
1269,964,2024-08-11,shipped
1270,260,2024-06-22,shipped
1271,1684,2026-06-03,shipped
1272,489,2025-02-21,delivered
1273,1072,2026-06-15,delivered
1274,1628,2026-01-17,processing
1275,385,2025-05-19,delivered
1276,122,2025-03-16,delivered
1277,1366,2025-02-01,delivered
1278,1081,2024-10-26,delivered
1279,829,2025-08-27,delivered
1280,1185,2024-10-21,delivered
1281,1263,2026-05-26,cancelled
1282,1448,2025-03-06,delivered
1283,1240,2025-05-24,delivered
1284,235,2025-02-19,delivered
1285,1530,2024-09-16,shipped
1286,1181,2024-07-07,processing
1287,1189,2024-05-02,returned
1288,510,2024-05-15,shipped
1289,473,2024-09-12,shipped
1290,1498,2024-03-14,shipped
1291,273,2024-08-11,delivered
1292,231,2025-08-11,delivered
1293,431,2026-01-04,delivered
1294,1426,2024-01-15,delivered
1295,700,2024-07-30,delivered
1296,302,2026-01-11,shipped
1297,253,2026-06-08,delivered
1298,842,2025-01-22,shipped
1299,1394,2024-10-08,delivered
1300,413,2026-05-28,shipped
1301,424,2025-02-02,delivered
1302,1782,2025-11-12,processing
1303,1357,2024-09-05,delivered
1304,1944,2024-10-07,delivered
1305,517,2024-01-04,delivered
1306,325,2024-03-03,processing
1307,1708,2024-03-02,shipped
1308,1074,2024-10-23,delivered
1309,227,2026-06-21,delivered
1310,581,2024-10-13,delivered
1311,1576,2024-01-15,delivered
1312,1562,2025-06-26,delivered
1313,931,2024-12-22,delivered
1314,460,2025-04-05,delivered
1315,1770,2024-10-09,processing
1316,1974,2025-02-03,delivered
1317,984,2024-08-13,delivered
1318,274,2024-01-18,processing
1319,1322,2025-05-12,delivered
1320,1943,2025-07-18,delivered
1321,1913,2024-05-28,delivered
1322,1478,2025-01-14,delivered
1323,1413,2024-04-11,delivered
1324,1349,2025-06-12,processing
1325,1529,2025-02-17,delivered
1326,1162,2026-06-25,delivered
1327,1841,2024-10-16,delivered
1328,501,2026-02-14,returned
1329,1908,2025-07-23,processing
1330,1177,2026-03-29,cancelled
1331,1888,2024-07-06,shipped
1332,1083,2024-01-04,delivered
1333,41,2024-12-01,processing
1334,1577,2025-07-21,delivered
1335,699,2024-01-02,delivered
1336,384,2024-04-21,shipped
1337,1477,2026-02-21,delivered
1338,1426,2026-04-03,delivered
1339,409,2025-10-05,delivered
1340,1725,2025-09-08,delivered
1341,731,2024-04-08,delivered
1342,1280,2024-07-19,cancelled
1343,666,2024-02-16,processing
1344,731,2025-04-27,processing
1345,1091,2024-12-07,delivered
1346,883,2025-07-29,delivered
1347,157,2024-04-15,delivered
1348,281,2024-08-24,delivered
1349,90,2024-07-28,delivered
1350,1096,2026-01-26,delivered
1351,1395,2025-07-15,delivered
1352,278,2024-08-14,shipped
1353,448,2025-01-14,delivered
1354,526,2024-01-12,cancelled
1355,838,2024-05-03,returned
1356,1317,2025-08-25,cancelled
1357,1830,2024-08-02,delivered
1358,1892,2024-08-30,shipped
1359,192,2026-04-04,delivered
1360,1226,2025-07-03,shipped
1361,1922,2026-02-18,delivered
1362,975,2025-12-06,delivered
1363,343,2025-11-04,processing
1364,1493,2024-01-07,cancelled
1365,1003,2026-04-16,returned
1366,1630,2025-02-25,cancelled
1367,205,2024-03-31,delivered
1368,470,2026-08-05,delivered
1369,1,2025-03-13,shipped
1370,1915,2024-12-31,processing
1371,1140,2025-12-13,delivered
1372,1514,2024-04-09,returned
1373,1171,2024-01-22,shipped
1374,395,2024-06-25,processing
1375,480,2026-01-25,delivered
1376,368,2024-07-19,processing
1377,405,2024-05-15,delivered
1378,126,2025-11-08,delivered
1379,1267,2024-05-17,delivered
1380,1487,2026-07-23,shipped
1381,751,2025-10-04,processing
1382,1559,2024-11-02,processing
1383,885,2024-06-06,shipped
1384,1708,2026-07-11,delivered
1385,775,2024-01-08,delivered
1386,72,2025-06-29,delivered
1387,1727,2026-07-03,delivered
1388,174,2026-02-21,delivered
1389,150,2024-06-06,delivered
1390,891,2024-08-22,shipped
1391,341,2024-09-29,shipped
1392,1462,2025-07-22,cancelled
1393,1088,2026-08-30,cancelled
1394,1212,2026-07-09,returned
1395,1200,2024-12-03,cancelled
1396,323,2026-04-28,returned
1397,1092,2025-11-07,delivered
1398,1954,2025-04-04,delivered
1399,1252,2026-05-06,processing
1400,572,2024-11-19,delivered
1401,439,2026-08-06,shipped
1402,1581,2026-05-05,delivered
1403,832,2024-10-29,delivered
1404,1097,2025-04-21,cancelled
1405,1792,2025-08-18,delivered
1406,1423,2024-05-09,cancelled
1407,471,2026-01-24,shipped
1408,1945,2026-05-27,delivered
1409,982,2025-02-08,cancelled
1410,1190,2025-12-30,shipped
1411,277,2024-02-24,delivered
1412,1104,2026-06-15,delivered
1413,259,2024-09-03,cancelled
1414,1042,2026-05-28,shipped
1415,1812,2024-03-16,delivered
1416,1132,2024-03-26,delivered
1417,1101,2024-04-05,delivered
1418,681,2025-07-16,delivered
1419,366,2024-02-15,delivered
1420,1742,2026-05-08,delivered
1421,1645,2026-03-19,delivered
1422,1304,2024-04-01,delivered
1423,1280,2025-03-28,delivered
1424,1477,2025-10-11,delivered
1425,1511,2026-02-17,delivered
1426,338,2025-11-28,delivered
1427,1736,2024-12-11,delivered
1428,1568,2024-01-12,processing
1429,1588,2025-11-11,shipped
1430,1768,2026-04-09,shipped
1431,172,2024-11-26,delivered
1432,1521,2026-04-07,shipped
1433,167,2024-03-25,shipped
1434,985,2026-04-04,delivered
1435,1605,2026-07-04,delivered
1436,761,2024-02-28,processing
1437,1533,2025-09-11,delivered
1438,307,2024-12-27,delivered
1439,1377,2024-04-27,processing
1440,1033,2025-10-23,delivered
1441,599,2024-09-24,delivered
1442,1118,2026-04-12,delivered
1443,1369,2025-08-13,delivered
1444,589,2025-05-17,delivered
1445,1573,2024-03-19,delivered
1446,1689,2026-02-20,delivered
1447,1274,2026-03-18,delivered
1448,778,2025-04-25,delivered
1449,891,2025-04-23,delivered
1450,1228,2024-02-20,delivered
1451,536,2026-06-26,delivered
1452,708,2025-10-13,delivered
1453,741,2026-01-11,delivered
1454,1086,2024-06-02,delivered
1455,1154,2024-05-05,delivered
1456,306,2026-03-27,delivered
1457,467,2024-11-25,delivered
1458,101,2025-01-09,delivered
1459,349,2026-03-14,delivered
1460,1495,2024-02-12,delivered
1461,81,2025-10-02,delivered
1462,833,2024-07-31,delivered
1463,1234,2026-05-26,shipped
1464,943,2025-09-24,delivered
1465,35,2026-03-01,shipped
1466,1304,2026-08-19,processing
1467,1077,2024-07-08,delivered
1468,125,2024-10-01,processing
1469,1901,2024-05-05,processing
1470,518,2026-05-04,delivered
1471,1824,2025-07-23,cancelled
1472,1513,2024-01-06,delivered
1473,1502,2024-09-21,returned
1474,1319,2024-06-30,delivered
1475,971,2025-05-25,cancelled
1476,510,2025-06-12,delivered
1477,1471,2026-02-21,delivered
1478,1327,2024-03-06,delivered
1479,497,2024-06-07,shipped
1480,290,2025-12-14,delivered
1481,1389,2024-10-29,shipped
1482,1069,2025-08-08,shipped
1483,1366,2026-01-18,delivered
1484,610,2024-06-11,delivered
1485,1802,2025-03-05,processing
1486,268,2025-01-12,shipped
1487,1731,2025-06-25,delivered
1488,214,2024-11-13,returned
1489,516,2024-03-25,delivered
1490,84,2026-04-21,delivered
1491,1937,2025-10-08,delivered
1492,727,2026-08-26,processing
1493,1552,2024-10-24,processing
1494,87,2024-07-10,delivered
1495,470,2026-01-08,shipped
1496,697,2025-07-10,shipped
1497,602,2024-07-15,returned
1498,1867,2026-01-16,delivered
1499,174,2025-04-26,delivered
1500,843,2026-03-22,delivered
1501,596,2025-06-09,delivered
1502,1669,2025-06-27,delivered
1503,1881,2024-01-24,processing
1504,1497,2024-04-21,delivered
1505,1139,2025-12-15,delivered
1506,366,2026-04-30,returned
1507,680,2026-01-12,returned
1508,954,2025-09-16,processing
1509,127,2025-11-20,shipped
1510,77,2024-10-23,shipped
1511,118,2026-05-23,delivered
1512,420,2026-07-27,delivered
1513,1987,2026-02-22,processing
1514,398,2026-04-28,delivered
1515,1203,2024-11-18,cancelled
1516,251,2025-02-08,shipped
1517,1653,2024-05-24,processing
1518,185,2024-04-06,shipped
1519,932,2025-06-22,delivered
1520,1800,2026-03-17,delivered
1521,99,2025-09-13,returned
1522,494,2025-08-30,delivered
1523,1391,2024-07-21,delivered
1524,276,2025-02-18,shipped
1525,463,2024-02-10,cancelled
1526,1751,2024-02-05,shipped
1527,1959,2024-03-26,cancelled
1528,1254,2026-02-18,delivered
1529,1554,2024-12-01,returned
1530,196,2025-04-17,returned
1531,1758,2025-02-20,processing
1532,1476,2026-06-03,delivered
1533,18,2024-01-11,cancelled
1534,428,2026-04-20,delivered
1535,1661,2024-01-31,delivered
1536,686,2026-03-08,delivered
1537,1126,2024-05-10,processing
1538,1073,2026-08-04,delivered
1539,1410,2025-01-21,delivered
1540,1305,2025-12-20,delivered
1541,1494,2024-10-17,processing
1542,1221,2024-05-02,returned
1543,1860,2025-03-01,cancelled
1544,1807,2025-09-27,shipped
1545,803,2025-01-11,shipped
1546,709,2024-05-17,cancelled
1547,157,2024-11-14,shipped
1548,1656,2024-05-06,cancelled
1549,1310,2026-03-01,delivered
1550,223,2025-07-06,delivered
1551,474,2025-02-10,delivered
1552,703,2026-05-08,delivered
1553,286,2026-02-13,returned
1554,399,2024-06-23,processing
1555,323,2026-08-22,delivered
1556,1233,2025-06-01,delivered
1557,492,2025-04-07,delivered
1558,692,2025-03-04,delivered
1559,523,2026-08-14,delivered
1560,1528,2026-05-27,shipped
1561,267,2025-06-16,delivered
1562,1927,2026-02-04,delivered
1563,752,2025-10-07,delivered
1564,1623,2024-12-11,delivered
1565,1917,2025-02-08,delivered
1566,1979,2026-03-20,shipped
1567,1064,2025-12-11,delivered
1568,1529,2024-05-11,delivered
1569,1734,2024-01-19,cancelled
1570,1934,2024-07-16,cancelled
1571,114,2025-06-16,cancelled
1572,740,2025-02-03,delivered
1573,1245,2024-03-31,processing
1574,1563,2024-01-28,delivered
1575,1403,2025-04-11,delivered
1576,1926,2026-02-02,delivered
1577,1952,2024-06-28,processing
1578,521,2026-07-08,delivered
1579,107,2026-04-17,delivered
1580,1127,2024-07-06,delivered
1581,223,2025-05-12,shipped
1582,994,2025-03-10,processing
1583,1320,2026-07-13,delivered
1584,432,2025-06-21,processing
1585,595,2026-02-06,returned
1586,238,2024-09-04,delivered
1587,1136,2024-01-06,processing
1588,917,2026-03-09,delivered
1589,612,2024-08-31,delivered
1590,1367,2026-07-23,delivered
1591,1831,2025-06-25,delivered
1592,95,2024-08-05,delivered
1593,767,2025-09-21,shipped
1594,110,2024-04-14,shipped
1595,925,2025-12-08,shipped
1596,1241,2026-04-21,delivered
1597,755,2025-08-01,delivered
1598,133,2026-04-02,delivered
1599,1176,2024-07-05,cancelled
1600,1464,2025-04-08,returned
1601,1194,2026-04-06,delivered
1602,1549,2025-09-04,shipped
1603,1278,2026-08-23,shipped
1604,1571,2025-10-01,delivered
1605,770,2026-06-09,processing
1606,608,2026-04-30,delivered
1607,1239,2026-02-16,shipped
1608,1495,2025-11-23,shipped
1609,1750,2025-04-12,delivered
1610,1070,2024-10-29,delivered
1611,1605,2025-01-09,delivered
1612,1305,2026-09-01,delivered
1613,301,2024-12-04,delivered
1614,603,2024-01-22,processing
1615,1818,2024-11-13,delivered
1616,1623,2026-05-27,delivered
1617,359,2026-06-30,delivered
1618,379,2026-05-09,processing
1619,1679,2024-08-16,delivered
1620,290,2026-03-05,returned
1621,828,2025-07-31,delivered
1622,1921,2024-02-26,delivered
1623,1433,2024-01-24,returned
1624,969,2024-06-07,delivered
1625,242,2025-04-13,processing
1626,1992,2026-07-02,delivered
1627,906,2024-06-27,shipped
1628,634,2025-07-29,cancelled
1629,1484,2024-08-21,delivered
1630,452,2024-11-29,shipped
1631,1234,2026-07-18,delivered
1632,500,2026-07-09,returned
1633,284,2025-11-04,cancelled
1634,1551,2024-01-18,processing
1635,584,2026-04-27,delivered
1636,706,2025-02-21,cancelled
1637,242,2024-05-25,cancelled
1638,1160,2025-09-16,delivered
1639,62,2025-07-16,processing
1640,1606,2024-05-30,delivered
1641,1563,2025-01-02,delivered
1642,301,2025-03-20,shipped
1643,192,2026-03-13,delivered
1644,1174,2025-01-22,delivered
1645,1291,2024-03-15,cancelled
1646,444,2024-01-16,delivered
1647,1657,2025-03-12,delivered
1648,1702,2025-12-03,cancelled
1649,1570,2024-07-13,processing
1650,643,2025-08-08,delivered
1651,1892,2026-02-07,delivered
1652,1728,2024-07-15,processing
1653,817,2025-07-08,delivered
1654,1204,2026-03-26,processing
1655,1741,2025-06-05,delivered
1656,1842,2024-02-11,processing
1657,1706,2024-06-17,delivered
1658,459,2024-01-02,delivered
1659,1746,2025-06-10,delivered
1660,801,2026-07-18,cancelled
1661,129,2024-02-26,delivered
1662,1564,2025-01-31,delivered
1663,154,2024-03-24,shipped
1664,1668,2025-09-18,delivered
1665,1986,2026-04-23,processing
1666,99,2026-08-26,delivered
1667,1081,2024-02-27,shipped
1668,572,2024-03-23,delivered
1669,1243,2024-03-15,processing
1670,659,2024-02-25,delivered
1671,1585,2024-06-30,processing
1672,1069,2024-07-19,cancelled
1673,1945,2025-03-29,shipped
1674,1285,2024-05-27,delivered
1675,755,2024-08-13,shipped
1676,554,2024-01-18,cancelled
1677,903,2025-03-29,delivered
1678,801,2024-06-15,delivered
1679,1932,2025-04-04,cancelled
1680,1487,2025-02-16,processing
1681,844,2025-11-18,delivered
1682,281,2024-12-18,delivered
1683,1636,2024-04-04,shipped
1684,1008,2026-01-12,shipped
1685,972,2026-08-02,delivered
1686,98,2024-06-13,delivered
1687,1910,2025-09-08,delivered
1688,1593,2024-09-26,delivered
1689,1919,2025-06-20,shipped
1690,539,2024-03-09,returned
1691,407,2024-07-26,delivered
1692,183,2026-08-17,delivered
1693,1908,2024-11-17,delivered
1694,1906,2024-06-24,delivered
1695,1876,2025-02-14,delivered
1696,1116,2026-08-07,delivered
1697,22,2024-07-28,processing
1698,1842,2026-07-18,delivered
1699,209,2024-03-21,shipped
1700,1,2025-01-23,delivered
1701,1537,2025-03-08,delivered
1702,1052,2025-11-16,delivered
1703,958,2025-05-22,delivered
1704,2000,2024-12-19,delivered
1705,390,2024-08-11,delivered
1706,1826,2025-11-14,delivered
1707,629,2024-09-27,delivered
1708,1487,2024-06-21,processing
1709,662,2024-02-18,delivered
1710,811,2024-10-28,delivered
1711,1993,2026-04-17,delivered
1712,565,2024-10-18,returned
1713,485,2025-04-07,delivered
1714,513,2026-05-01,delivered
1715,964,2025-07-01,delivered
1716,291,2026-07-15,delivered
1717,1620,2025-05-26,shipped
1718,349,2026-07-26,delivered
1719,29,2026-05-03,delivered
1720,189,2026-06-18,delivered
1721,1681,2025-08-26,delivered
1722,374,2024-04-14,shipped
1723,535,2025-06-15,cancelled
1724,860,2024-06-24,delivered
1725,697,2026-01-22,processing
1726,1607,2026-01-18,shipped
1727,897,2024-08-27,processing
1728,1775,2026-04-26,delivered
1729,1685,2025-07-06,delivered
1730,236,2026-05-18,delivered
1731,1114,2025-11-28,returned
1732,837,2024-01-30,delivered
1733,1173,2026-02-07,delivered
1734,1514,2024-01-24,delivered
1735,1440,2025-08-25,delivered
1736,1304,2025-03-14,delivered
1737,1899,2024-05-01,delivered
1738,1434,2024-03-03,delivered
1739,1922,2025-05-23,delivered
1740,830,2025-06-14,processing
1741,301,2026-05-30,processing
1742,748,2026-02-21,delivered
1743,1108,2024-05-27,delivered
1744,1722,2024-06-24,delivered
1745,1289,2024-12-23,delivered
1746,327,2024-03-29,returned
1747,1391,2026-06-13,shipped
1748,31,2026-03-06,delivered
1749,917,2026-08-17,delivered
1750,543,2025-02-18,delivered
1751,1501,2024-03-15,delivered
1752,1578,2026-08-17,delivered
1753,1169,2024-05-22,delivered
1754,815,2025-04-12,processing
1755,1956,2024-02-10,delivered
1756,1095,2026-03-02,shipped
1757,482,2025-03-16,shipped
1758,1110,2024-10-22,processing
1759,1778,2024-01-17,returned
1760,260,2026-07-02,cancelled
1761,1743,2024-12-04,processing
1762,1949,2025-09-11,shipped
1763,471,2025-11-09,processing
1764,888,2026-01-06,delivered
1765,1417,2024-09-13,delivered
1766,598,2025-10-25,delivered
1767,1808,2025-09-12,delivered
1768,1507,2025-09-16,delivered
1769,1290,2024-03-08,shipped
1770,581,2024-12-21,delivered
1771,1118,2025-06-03,delivered
1772,1660,2026-02-08,cancelled
1773,1424,2025-11-01,delivered
1774,732,2026-08-03,delivered
1775,1834,2025-07-11,delivered
1776,800,2025-05-04,delivered
1777,1576,2025-11-03,delivered
1778,1913,2025-09-22,delivered
1779,780,2026-03-09,delivered
1780,1258,2024-03-06,shipped
1781,1360,2025-04-17,delivered
1782,1090,2025-05-19,delivered
1783,308,2026-05-27,shipped
1784,1875,2025-03-22,delivered
1785,1472,2026-05-15,delivered
1786,1709,2024-05-12,delivered
1787,1182,2024-07-19,delivered
1788,1536,2024-02-09,processing
1789,1090,2024-11-21,shipped
1790,2,2025-02-12,shipped
1791,1398,2025-10-02,processing
1792,756,2024-02-23,shipped
1793,1809,2024-01-31,shipped
1794,1778,2025-01-04,processing
1795,800,2025-01-25,shipped
1796,680,2025-12-03,delivered
1797,79,2024-02-01,shipped
1798,344,2024-10-13,cancelled
1799,361,2026-03-08,shipped
1800,1746,2025-01-18,delivered
1801,374,2026-08-14,delivered
1802,944,2025-08-30,delivered
1803,288,2024-12-27,processing
1804,1253,2024-10-28,delivered
1805,506,2025-10-11,returned
1806,1400,2025-06-29,shipped
1807,1735,2024-10-02,processing
1808,1701,2026-06-06,delivered
1809,1927,2024-07-18,delivered
1810,1847,2026-08-03,delivered
1811,212,2024-12-14,delivered
1812,534,2024-03-22,shipped
1813,1876,2024-12-01,delivered
1814,1560,2024-12-11,shipped
1815,1910,2025-05-09,delivered
1816,1936,2024-12-17,delivered
1817,1984,2025-08-12,delivered
1818,1938,2025-08-26,delivered
1819,1423,2024-08-15,delivered
1820,1246,2026-03-11,shipped
1821,210,2024-08-16,processing
1822,1925,2025-05-31,delivered
1823,1456,2025-02-04,delivered
1824,53,2026-09-01,shipped
1825,1063,2024-09-26,returned
1826,1945,2026-05-20,delivered
1827,33,2025-09-16,delivered
1828,999,2026-03-02,shipped
1829,1690,2024-09-24,delivered
1830,398,2024-11-09,shipped
1831,246,2026-06-17,shipped
1832,1050,2026-04-24,delivered
1833,1898,2026-05-02,delivered
1834,986,2025-09-05,delivered
1835,97,2024-07-22,delivered
1836,1444,2024-12-07,delivered
1837,552,2026-03-23,delivered
1838,1718,2025-01-07,delivered
1839,630,2024-03-31,delivered
1840,930,2024-04-20,delivered
1841,672,2024-07-26,delivered
1842,1493,2024-06-26,delivered
1843,1815,2024-08-07,processing
1844,975,2026-01-15,processing
1845,1075,2024-04-09,delivered
1846,873,2025-04-03,processing
1847,94,2024-01-17,returned
1848,545,2026-05-16,delivered
1849,1771,2025-10-20,processing
1850,581,2026-08-31,processing
1851,179,2024-02-06,processing
1852,364,2025-04-12,delivered
1853,1084,2026-08-28,returned
1854,1426,2025-08-28,delivered
1855,1150,2024-03-02,shipped
1856,1710,2024-05-14,processing
1857,14,2024-10-05,delivered
1858,482,2026-05-14,delivered
1859,1143,2026-05-27,processing
1860,824,2024-06-15,cancelled
1861,1916,2024-12-04,delivered
1862,1870,2026-04-08,processing
1863,853,2024-02-29,returned
1864,1770,2026-03-02,delivered
1865,851,2026-03-22,processing
1866,1104,2025-03-28,delivered
1867,1767,2024-06-20,delivered
1868,1447,2024-12-11,delivered
1869,1518,2026-07-03,shipped
1870,1109,2025-10-09,delivered
1871,1205,2025-03-08,returned
1872,1632,2026-06-06,delivered
1873,1460,2026-05-11,shipped
1874,365,2025-05-29,delivered
1875,1962,2025-09-21,cancelled
1876,1982,2024-03-25,processing
1877,877,2024-12-06,delivered
1878,1910,2026-05-21,delivered
1879,81,2024-02-13,delivered
1880,629,2025-01-16,shipped
1881,1201,2025-10-24,cancelled
1882,149,2024-08-30,delivered
1883,1797,2026-04-25,cancelled
1884,1694,2024-04-28,processing
1885,1779,2024-11-20,delivered
1886,12,2024-11-27,delivered
1887,70,2025-06-18,delivered
1888,1297,2025-03-11,delivered
1889,374,2025-11-29,delivered
1890,622,2024-10-18,processing
1891,1075,2025-09-23,delivered
1892,1202,2025-09-26,returned
1893,1005,2024-05-27,delivered
1894,1742,2025-12-07,returned
1895,455,2025-03-09,delivered
1896,1306,2026-03-18,delivered
1897,1945,2024-10-26,shipped
1898,307,2026-02-03,delivered
1899,751,2026-05-16,delivered
1900,1513,2025-12-21,delivered
1901,756,2024-10-21,delivered
1902,1964,2024-03-12,delivered
1903,1650,2026-04-13,delivered
1904,1113,2026-04-07,processing
1905,1510,2024-05-16,delivered
1906,129,2024-05-09,delivered
1907,294,2026-06-18,processing
1908,15,2025-10-03,delivered
1909,190,2024-03-01,delivered
1910,17,2026-06-25,delivered
1911,502,2025-03-01,delivered
1912,328,2024-07-27,shipped
1913,949,2024-12-19,delivered
1914,339,2026-02-24,delivered
1915,1063,2025-12-24,delivered
1916,934,2024-06-30,processing
1917,1843,2024-12-24,delivered
1918,658,2024-09-23,shipped
1919,744,2025-07-29,shipped
1920,991,2024-05-18,delivered
1921,1767,2025-08-07,cancelled
1922,667,2024-05-25,shipped
1923,1047,2026-04-16,processing
1924,1372,2026-01-29,delivered
1925,1843,2025-11-04,delivered
1926,1495,2024-04-14,delivered
1927,1126,2026-06-08,delivered
1928,901,2024-05-03,shipped
1929,360,2024-03-05,delivered
1930,441,2024-07-22,delivered
1931,1469,2026-01-15,delivered
1932,1157,2025-11-02,delivered
1933,382,2026-05-07,cancelled
1934,668,2024-07-05,delivered
1935,1181,2025-08-03,cancelled
1936,439,2026-01-28,delivered
1937,351,2024-04-13,shipped
1938,1638,2024-11-30,shipped
1939,1199,2024-03-18,shipped
1940,484,2025-07-20,delivered
1941,485,2026-07-07,delivered
1942,1338,2025-01-07,shipped
1943,501,2026-03-19,delivered
1944,1832,2025-07-07,delivered
1945,1139,2026-08-20,delivered
1946,856,2024-05-05,delivered
1947,1321,2025-04-19,shipped
1948,1808,2025-05-19,delivered
1949,1656,2025-02-06,delivered
1950,1930,2024-01-21,delivered
1951,535,2026-06-05,delivered
1952,1661,2026-03-04,delivered
1953,1466,2026-01-12,delivered
1954,1830,2025-04-02,shipped
1955,1737,2026-05-31,delivered
1956,6,2024-07-10,delivered
1957,902,2024-03-12,delivered
1958,679,2024-09-09,shipped
1959,1221,2025-04-24,processing
1960,1866,2025-05-24,shipped
1961,439,2025-05-17,shipped
1962,1675,2024-11-30,delivered
1963,1949,2025-07-25,cancelled
1964,1063,2024-09-05,delivered
1965,58,2026-04-11,shipped
1966,1991,2024-04-10,delivered
1967,747,2025-02-10,shipped
1968,1488,2026-06-02,delivered
1969,386,2024-06-26,delivered
1970,92,2024-09-28,processing
1971,1002,2025-09-13,processing
1972,1405,2026-06-25,delivered
1973,1032,2025-06-02,processing
1974,898,2024-12-23,shipped
1975,1420,2026-01-27,shipped
1976,1800,2025-01-16,shipped
1977,732,2024-07-08,delivered
1978,1096,2025-02-07,cancelled
1979,1636,2026-05-07,cancelled
1980,1619,2026-04-13,processing
1981,414,2024-01-18,delivered
1982,619,2024-08-29,cancelled
1983,1322,2024-03-24,processing
1984,1752,2026-03-24,delivered
1985,225,2025-04-16,delivered
1986,1711,2026-06-11,delivered
1987,431,2026-06-11,shipped
1988,1841,2026-08-08,processing
1989,47,2026-03-08,delivered
1990,1183,2024-06-20,processing
1991,1495,2026-08-22,delivered
1992,714,2025-11-10,delivered
1993,621,2024-07-22,delivered
1994,1339,2026-06-07,shipped
1995,395,2024-02-28,shipped
1996,403,2026-07-22,delivered
1997,852,2025-04-26,delivered
1998,1407,2025-08-30,delivered
1999,1247,2024-04-27,delivered
2000,100,2025-10-10,delivered
