payment_id,order_id,payment_type,payment_value,payment_date
1,1,Net Banking,439576.38,2024-05-04
2,2,Wallet,132353.22,2024-05-03
3,3,Credit Card,42104.8,2025-09-11
4,4,UPI,494876.98,2025-03-01
5,5,Cash on Delivery,653145.25,2026-03-29
6,6,Cash on Delivery,123804.42,2024-09-18
7,7,Cash on Delivery,594209.31,2025-04-12
8,8,Debit Card,23172.6,2026-04-02
9,9,Cash on Delivery,700019.95,2026-05-28
10,10,Credit Card,61005.54,2026-08-26
11,11,UPI,31016.54,2025-03-20
12,12,UPI,420230.91,2024-11-03
13,13,Wallet,131772.43,2024-03-27
14,14,Net Banking,107152.21,2025-02-03
15,15,Wallet,191152.8,2026-09-01
16,16,Cash on Delivery,157787.51,2025-10-24
17,17,Cash on Delivery,137668.36,2024-05-24
18,18,Credit Card,679035.59,2025-08-01
19,19,Wallet,567800.16,2024-06-08
20,20,UPI,128513.48,2026-02-19
21,21,Wallet,65870.95,2026-04-01
22,22,Credit Card,611385.52,2025-11-07
23,23,Debit Card,271180.12,2025-02-28
24,24,Credit Card,186045.57,2024-06-25
25,25,Debit Card,94115.57,2024-06-04
26,26,Wallet,561764.24,2025-11-15
27,27,Net Banking,569862.98,2026-08-05
28,28,Wallet,222132.35,2024-01-31
29,29,UPI,698708.99,2025-02-17
30,30,Debit Card,1032296.72,2026-05-11
31,31,UPI,720279.32,2024-01-30
32,32,Net Banking,466117.23,2024-01-30
33,33,Wallet,381318.27,2026-01-22
34,34,UPI,572165.49,2025-02-21
35,35,Net Banking,91010.52,2026-02-19
36,36,Net Banking,615637.56,2024-06-22
37,37,Debit Card,254996.83,2024-12-23
38,38,UPI,474377.11,2025-03-05
39,39,Wallet,625937.34,2025-05-02
40,40,Cash on Delivery,38068.02,2026-05-26
41,41,Cash on Delivery,217218.15,2024-05-17
42,42,Debit Card,194100.66,2025-10-14
43,43,Cash on Delivery,347849.32,2025-04-25
44,44,Debit Card,234320.06,2024-05-11
45,45,Wallet,319557.2,2025-01-09
46,46,Cash on Delivery,322555.21,2026-01-03
47,47,Cash on Delivery,390424.8,2026-02-05
48,48,Cash on Delivery,654142.68,2024-07-19
49,49,Net Banking,313930.19,2024-05-12
50,50,Credit Card,100863.4,2024-08-18
51,51,Debit Card,570372.43,2024-04-07
52,52,Net Banking,766224.31,2026-06-27
53,53,Net Banking,327693.75,2024-08-19
54,54,Cash on Delivery,106426.74,2025-11-06
55,55,Net Banking,303640.88,2025-04-18
56,56,Wallet,488856.3,2025-06-13
57,57,Net Banking,214441.45,2024-09-30
58,58,Credit Card,185892.08,2024-12-01
59,59,UPI,653275.08,2024-05-28
60,60,Credit Card,92715.56,2026-05-21
61,61,Cash on Delivery,332711.61,2026-03-29
62,62,UPI,713166.59,2026-03-24
63,63,Debit Card,837741.26,2024-01-15
64,64,Cash on Delivery,182392.6,2026-05-05
65,65,Debit Card,343720.86,2025-02-10
66,66,UPI,905670.36,2025-05-07
67,67,Cash on Delivery,473708.96,2024-07-11
68,68,Debit Card,498499.39,2025-08-14
69,69,Cash on Delivery,528860.16,2025-04-09
70,70,Debit Card,76300.21,2025-03-26
71,71,Wallet,428265.72,2025-11-02
72,72,Debit Card,495056.62,2024-12-11
73,73,Debit Card,28378.15,2024-07-09
74,74,Wallet,722805.15,2026-06-11
75,75,Credit Card,835702.65,2025-04-12
76,76,Credit Card,236419.98,2026-05-26
77,77,Debit Card,512667.53,2024-09-26
78,78,Cash on Delivery,311827.17,2025-03-12
79,79,Debit Card,314431.46,2025-07-10
80,80,Debit Card,155213.7,2025-04-13
81,81,UPI,773722.66,2025-07-17
82,82,Credit Card,561982.79,2026-06-13
83,83,Credit Card,160999.87,2025-03-22
84,84,Wallet,106056.66,2024-03-25
85,85,UPI,289478.23,2025-05-31
86,86,Wallet,303759.12,2026-08-21
87,87,Debit Card,355292.48,2024-07-18
88,88,Cash on Delivery,66444.37,2024-08-15
89,89,UPI,818369.71,2026-01-21
90,90,Debit Card,507871.8,2025-09-07
91,91,Debit Card,336835.19,2026-05-30
92,92,UPI,104593.36,2026-03-30
93,93,Cash on Delivery,157490.74,2024-08-23
94,94,Net Banking,575814.65,2024-06-19
95,95,Credit Card,269934.26,2025-11-27
96,96,Wallet,516785.88,2026-05-29
97,97,Wallet,701975.63,2026-08-10
98,98,Debit Card,1011348.84,2025-07-07
99,99,UPI,1168441.91,2025-03-10
100,100,Wallet,600526.05,2024-02-20
101,101,Wallet,614581.33,2025-02-14
102,102,UPI,499688.16,2025-06-18
103,103,UPI,506281.02,2025-05-02
104,104,Cash on Delivery,55877.53,2026-01-08
105,105,Net Banking,180291.72,2024-03-17
106,106,Net Banking,453941.51,2025-11-15
107,107,Debit Card,253103.0,2026-01-21
108,108,Debit Card,1063538.09,2024-03-09
109,109,UPI,197209.08,2024-05-23
110,110,Wallet,109378.76,2024-06-13
111,111,Credit Card,307403.01,2026-08-31
112,112,Net Banking,288211.59,2026-03-16
113,113,Credit Card,418376.26,2025-02-04
114,114,Net Banking,770553.08,2026-05-04
115,115,Debit Card,224374.77,2026-08-29
116,116,Wallet,991677.04,2025-02-15
117,117,Cash on Delivery,249803.29,2025-08-22
118,118,UPI,350508.57,2024-07-29
119,119,Debit Card,288805.2,2024-10-09
120,120,Wallet,241468.83,2025-10-14
121,121,UPI,186164.48,2025-06-20
122,122,Debit Card,109766.44,2025-09-04
123,123,UPI,839476.76,2025-03-24
124,124,Net Banking,217069.61,2025-07-08
125,125,Credit Card,839119.42,2024-06-06
126,126,Net Banking,30600.25,2026-07-21
127,127,Credit Card,151734.75,2024-10-05
128,128,Credit Card,261314.04,2025-01-25
129,129,Credit Card,428441.12,2024-04-25
130,130,Debit Card,467720.73,2025-08-22
131,131,Credit Card,312626.3,2025-12-09
132,132,Net Banking,370943.12,2026-02-15
133,133,Wallet,90506.55,2024-04-15
134,134,Net Banking,78466.05,2025-09-09
135,135,Cash on Delivery,55530.92,2025-01-06
136,136,Net Banking,43598.31,2025-11-11
137,137,UPI,725814.62,2025-03-18
138,138,Wallet,719808.07,2024-04-17
139,139,Credit Card,508420.84,2026-05-12
140,140,Wallet,830834.94,2026-07-15
141,141,Credit Card,22515.42,2024-12-02
142,142,Credit Card,380354.03,2024-09-14
143,143,Wallet,232809.35,2024-01-14
144,144,Cash on Delivery,480110.92,2025-05-12
145,145,UPI,675636.66,2024-08-14
146,146,Credit Card,343802.45,2024-09-29
147,147,Cash on Delivery,181130.81,2026-04-26
148,148,UPI,228162.62,2025-09-13
149,149,Net Banking,33533.65,2025-09-13
150,150,UPI,5598.38,2025-11-14
151,151,Cash on Delivery,189513.8,2024-04-20
152,152,Cash on Delivery,250763.17,2025-10-20
153,153,Wallet,439230.36,2024-04-07
154,154,Wallet,563589.15,2024-09-01
155,155,Cash on Delivery,838593.56,2025-12-27
156,156,Credit Card,244044.84,2026-04-14
157,157,Debit Card,414253.58,2024-02-10
158,158,Debit Card,204160.17,2025-03-26
159,159,Wallet,351314.85,2026-06-03
160,160,Net Banking,483464.09,2025-02-12
161,161,Wallet,316364.6,2026-02-01
162,162,Wallet,248397.64,2026-07-18
163,163,Wallet,102650.64,2024-07-04
164,164,Debit Card,407873.27,2024-12-02
165,165,Credit Card,540589.7,2025-02-26
166,166,UPI,423023.01,2025-04-12
167,167,UPI,336643.76,2025-01-02
168,168,Credit Card,269340.48,2024-12-26
169,169,Net Banking,98926.59,2024-10-10
170,170,Wallet,691621.06,2024-11-28
171,171,Debit Card,855598.16,2024-09-26
172,172,Cash on Delivery,719538.29,2024-08-02
173,173,Net Banking,648651.03,2025-07-14
174,174,Credit Card,124503.86,2025-02-14
175,175,Net Banking,686020.1,2026-04-15
176,176,Credit Card,179180.9,2026-05-27
177,177,UPI,234345.0,2025-09-23
178,178,UPI,336197.31,2026-05-06
179,179,Debit Card,125925.8,2026-04-28
180,180,Cash on Delivery,103593.24,2026-01-09
181,181,Credit Card,1331569.62,2024-11-16
182,182,Credit Card,686041.49,2024-07-09
183,183,UPI,414331.06,2024-09-28
184,184,UPI,475206.18,2024-12-25
185,185,Cash on Delivery,71748.79,2026-07-06
186,186,Cash on Delivery,49519.62,2024-06-21
187,187,Net Banking,252521.94,2024-07-13
188,188,Credit Card,688598.09,2025-06-02
189,189,Credit Card,157491.58,2024-10-30
190,190,UPI,156137.36,2024-07-01
191,191,Net Banking,22758.12,2024-03-18
192,192,Wallet,295991.1,2025-12-29
193,193,Debit Card,104461.44,2025-11-10
194,194,Cash on Delivery,205091.76,2024-05-29
195,195,Debit Card,583639.14,2024-12-28
196,196,Wallet,539928.36,2025-01-29
197,197,UPI,683360.38,2026-01-23
198,198,UPI,150466.66,2026-03-28
199,199,Credit Card,658037.97,2024-03-25
200,200,Cash on Delivery,349992.84,2025-03-29
201,201,UPI,318838.64,2025-07-15
202,202,Cash on Delivery,411314.51,2024-01-27
203,203,UPI,327696.32,2025-12-12
204,204,Credit Card,93140.81,2026-06-15
205,205,Wallet,129088.72,2026-04-11
206,206,Net Banking,621854.58,2024-10-30
207,207,Debit Card,449683.46,2026-05-28
208,208,Cash on Delivery,720614.72,2025-03-25
209,209,Debit Card,76319.86,2025-08-04
210,210,Wallet,430628.19,2026-05-18
211,211,UPI,689242.44,2025-10-04
212,212,Wallet,442174.51,2025-01-31
213,213,UPI,243119.06,2026-03-26
214,214,UPI,88896.94,2026-03-31
215,215,Credit Card,383202.14,2025-01-08
216,216,UPI,561606.25,2024-08-28
217,217,Cash on Delivery,619569.88,2024-03-19
218,218,Credit Card,488240.32,2024-11-25
219,219,Debit Card,238136.82,2024-09-09
220,220,UPI,411444.67,2024-05-11
221,221,Wallet,240122.76,2026-03-14
222,222,Debit Card,479585.95,2025-05-02
223,223,UPI,137784.18,2026-04-06
224,224,Cash on Delivery,17957.62,2026-01-07
225,225,UPI,313192.07,2025-10-22
226,226,Net Banking,12566.32,2024-08-17
227,227,UPI,617571.26,2026-05-06
228,228,Credit Card,592043.13,2025-03-24
229,229,Cash on Delivery,151400.18,2024-03-07
230,230,Debit Card,102703.86,2024-01-23
231,231,Net Banking,658755.7,2025-10-27
232,232,UPI,170562.35,2025-05-03
233,233,Net Banking,597706.8,2024-03-06
234,234,Wallet,539580.04,2026-01-06
235,235,Cash on Delivery,256713.31,2026-08-28
236,236,Net Banking,428346.46,2025-12-31
237,237,Cash on Delivery,514716.75,2025-12-22
238,238,Net Banking,28224.12,2025-02-09
239,239,Wallet,661687.26,2024-11-13
240,240,Wallet,266994.84,2024-11-07
241,241,Credit Card,206824.68,2026-03-28
242,242,Credit Card,203065.56,2025-02-20
243,243,UPI,373834.26,2025-11-28
244,244,Debit Card,413858.06,2024-01-07
245,245,Cash on Delivery,346995.74,2025-12-30
246,246,Cash on Delivery,442625.19,2024-05-02
247,247,Cash on Delivery,30931.92,2025-09-20
248,248,Net Banking,297443.2,2026-01-17
249,249,UPI,380820.67,2024-09-11
250,250,Credit Card,831200.23,2026-02-16
251,251,Wallet,466017.67,2024-07-04
252,252,Credit Card,128827.71,2025-05-21
253,253,UPI,384691.2,2024-04-01
254,254,Debit Card,529092.51,2025-08-10
255,255,Credit Card,639363.6,2025-01-31
256,256,Wallet,64570.54,2025-12-14
257,257,Debit Card,366024.26,2024-12-17
258,258,Wallet,59239.52,2024-12-29
259,259,Net Banking,939719.02,2026-06-19
260,260,Debit Card,538709.6,2024-07-07
261,261,Credit Card,937928.23,2024-08-20
262,262,Wallet,680880.54,2025-10-10
263,263,Credit Card,665187.75,2026-02-08
264,264,Debit Card,187126.14,2024-01-21
265,265,Debit Card,198811.58,2025-07-24
266,266,Credit Card,1002323.52,2024-04-07
267,267,UPI,523067.19,2025-06-25
268,268,UPI,897244.8,2025-01-28
269,269,Net Banking,35682.51,2026-07-15
270,270,Debit Card,206012.96,2026-05-29
271,271,UPI,145481.48,2024-07-12
272,272,UPI,1041198.74,2024-07-05
273,273,UPI,145543.85,2024-12-19
274,274,Debit Card,258456.06,2026-07-23
275,275,Net Banking,376525.11,2025-08-10
276,276,UPI,223046.98,2025-12-24
277,277,UPI,146672.23,2024-06-30
278,278,UPI,15998.6,2026-04-18
279,279,Wallet,583375.23,2024-02-09
280,280,Debit Card,238903.02,2026-03-23
281,281,UPI,519179.78,2026-08-14
282,282,Credit Card,880509.81,2024-04-20
283,283,UPI,318072.94,2025-08-27
284,284,Credit Card,296019.08,2024-04-12
285,285,Debit Card,82305.86,2024-06-07
286,286,Debit Card,57003.46,2024-12-11
287,287,Debit Card,247509.15,2025-11-05
288,288,Wallet,146048.25,2026-03-13
289,289,Net Banking,8776.74,2025-11-15
290,290,Cash on Delivery,221670.43,2024-09-09
291,291,Debit Card,208801.5,2026-04-17
292,292,Credit Card,98074.03,2025-02-17
293,293,UPI,388350.88,2026-07-27
294,294,Wallet,464637.16,2026-04-10
295,295,Net Banking,527265.62,2025-12-25
296,296,Credit Card,338733.57,2024-04-11
297,297,Wallet,194045.33,2025-11-10
298,298,Wallet,244563.16,2025-06-23
299,299,Credit Card,145486.5,2025-06-28
300,300,Wallet,502448.86,2025-07-13
301,301,Credit Card,355877.39,2024-11-24
302,302,Cash on Delivery,582165.56,2024-07-21
303,303,Debit Card,563185.36,2025-03-12
304,304,Net Banking,160093.99,2024-03-25
305,305,Wallet,354159.46,2024-04-16
306,306,Net Banking,245255.01,2025-09-16
307,307,Credit Card,854827.42,2026-03-16
308,308,Wallet,332309.67,2025-12-01
309,309,UPI,662281.74,2026-05-01
310,310,Net Banking,31947.08,2024-04-01
311,311,Net Banking,73044.0,2026-02-04
312,312,UPI,468773.75,2024-06-26
313,313,Wallet,669317.03,2024-02-19
314,314,Cash on Delivery,364701.95,2024-11-06
315,315,Cash on Delivery,84935.64,2025-07-04
316,316,Cash on Delivery,141277.8,2025-12-01
317,317,Cash on Delivery,604954.08,2025-06-04
318,318,Cash on Delivery,1045250.13,2025-06-04
319,319,Net Banking,42910.72,2024-02-15
320,320,Wallet,500293.93,2025-04-13
321,321,Cash on Delivery,579621.44,2024-08-14
322,322,Net Banking,152733.91,2026-01-01
323,323,Net Banking,231943.52,2025-08-07
324,324,Net Banking,388357.88,2024-02-16
325,325,Net Banking,133453.0,2026-07-10
326,326,Wallet,99562.38,2024-10-24
327,327,Net Banking,167842.02,2025-11-06
328,328,Debit Card,170970.76,2024-12-04
329,329,UPI,202757.81,2026-04-26
330,330,Credit Card,342918.07,2026-05-07
331,331,Cash on Delivery,734232.34,2024-05-25
332,332,Net Banking,763267.98,2025-11-15
333,333,Net Banking,225559.0,2025-03-08
334,334,Wallet,604374.84,2026-06-03
335,335,UPI,402842.55,2024-07-28
336,336,Credit Card,695746.14,2026-01-24
337,337,Credit Card,595381.07,2025-12-07
338,338,Cash on Delivery,556358.64,2025-02-27
339,339,Cash on Delivery,700117.69,2026-07-11
340,340,UPI,275195.44,2025-05-14
341,341,Cash on Delivery,241080.72,2025-10-03
342,342,Cash on Delivery,904346.74,2025-12-13
343,343,Credit Card,810642.51,2025-11-09
344,344,Cash on Delivery,834446.99,2025-10-14
345,345,Net Banking,283635.28,2026-07-12
346,346,Wallet,64745.0,2024-07-06
347,347,Wallet,242161.11,2026-08-24
348,348,Credit Card,433319.63,2025-11-28
349,349,UPI,226812.02,2025-02-11
350,350,Debit Card,380578.17,2024-10-18
351,351,Cash on Delivery,487631.21,2024-04-21
352,352,Net Banking,663409.56,2026-04-22
353,353,Credit Card,109509.72,2026-08-31
354,354,UPI,161357.28,2025-05-24
355,355,Debit Card,740023.2,2024-02-06
356,356,Debit Card,517529.35,2024-04-24
357,357,UPI,346699.63,2025-02-01
358,358,Cash on Delivery,294799.14,2025-12-11
359,359,Debit Card,428327.4,2025-03-22
360,360,Debit Card,135332.76,2026-01-26
361,361,Debit Card,972429.82,2026-02-26
362,362,Wallet,554384.68,2025-05-30
363,363,Cash on Delivery,257177.44,2026-02-25
364,364,Net Banking,72184.42,2024-02-14
365,365,Cash on Delivery,93241.77,2024-06-05
366,366,UPI,31553.96,2024-09-13
367,367,Wallet,725052.62,2025-04-18
368,368,Wallet,606692.14,2024-02-27
369,369,Net Banking,60758.93,2026-08-27
370,370,Wallet,797694.98,2024-08-18
371,371,Credit Card,266163.62,2024-12-09
372,372,Debit Card,298568.16,2024-01-26
373,373,UPI,48589.98,2026-05-13
374,374,Cash on Delivery,72283.9,2024-10-21
375,375,Cash on Delivery,351676.6,2025-07-14
376,376,Wallet,971471.42,2024-04-24
377,377,UPI,502388.72,2025-06-14
378,378,Net Banking,437999.07,2026-01-07
379,379,Cash on Delivery,244755.66,2024-11-25
380,380,Wallet,973513.69,2026-07-12
381,381,Net Banking,864900.46,2024-01-07
382,382,Debit Card,123629.24,2024-02-29
383,383,Wallet,906353.37,2025-08-03
384,384,Wallet,623187.84,2026-02-19
385,385,UPI,609437.55,2025-07-12
386,386,Credit Card,370596.85,2026-04-23
387,387,Wallet,176270.1,2025-08-08
388,388,Wallet,584113.28,2025-12-03
389,389,UPI,151393.44,2026-07-21
390,390,Debit Card,319428.4,2025-05-17
391,391,Net Banking,193972.58,2025-10-13
392,392,Debit Card,266813.32,2026-07-09
393,393,Cash on Delivery,440355.05,2026-06-19
394,394,Debit Card,31133.58,2024-10-20
395,395,Cash on Delivery,577891.2,2025-02-01
396,396,Credit Card,765258.55,2024-06-13
397,397,Cash on Delivery,4777.38,2025-03-18
398,398,UPI,681245.84,2024-02-13
399,399,Cash on Delivery,744525.02,2026-06-19
400,400,Wallet,440539.81,2025-02-15
401,401,Debit Card,149897.05,2024-12-27
402,402,Credit Card,580134.49,2025-03-07
403,403,Wallet,415155.3,2026-01-21
404,404,Net Banking,108941.87,2025-02-01
405,405,Wallet,211343.94,2024-11-29
406,406,Credit Card,390281.13,2026-01-10
407,407,UPI,192600.38,2024-08-10
408,408,Debit Card,247022.99,2024-07-18
409,409,Debit Card,225349.17,2025-11-06
410,410,Debit Card,328354.54,2026-07-10
411,411,Cash on Delivery,1009.38,2026-02-21
412,412,Credit Card,418058.77,2025-10-21
413,413,Credit Card,361009.95,2024-05-24
414,414,Cash on Delivery,538839.59,2025-10-29
415,415,Credit Card,271270.92,2026-05-02
416,416,Net Banking,168416.85,2025-09-30
417,417,UPI,250593.96,2024-08-10
418,418,Wallet,15704.8,2024-06-09
419,419,Cash on Delivery,248732.78,2025-06-13
420,420,Debit Card,1102560.3,2025-03-29
421,421,Debit Card,486817.99,2025-01-30
422,422,UPI,132554.58,2024-10-06
423,423,Net Banking,392008.58,2025-07-30
424,424,Credit Card,464615.72,2025-02-15
425,425,Cash on Delivery,495613.98,2024-07-21
426,426,Debit Card,826139.91,2025-04-24
427,427,Net Banking,72414.8,2024-05-13
428,428,Net Banking,42891.47,2024-11-19
429,429,UPI,393182.46,2025-09-19
430,430,Credit Card,440699.47,2026-06-15
431,431,UPI,518743.1,2026-03-16
432,432,Wallet,91657.34,2024-01-09
433,433,Net Banking,127939.19,2024-02-24
434,434,Wallet,175966.42,2024-11-16
435,435,UPI,258736.73,2024-07-26
436,436,Debit Card,67462.0,2024-08-06
437,437,Credit Card,645968.18,2025-01-06
438,438,Net Banking,245509.35,2025-08-20
439,439,Cash on Delivery,243600.16,2025-05-01
440,440,Wallet,150448.88,2024-10-23
441,441,Debit Card,1195197.55,2025-07-29
442,442,Credit Card,447134.95,2024-06-04
443,443,UPI,295871.18,2025-06-29
444,444,Wallet,418138.71,2024-06-11
445,445,Debit Card,187121.77,2025-04-25
446,446,Debit Card,734097.18,2025-12-07
447,447,Wallet,111163.68,2024-04-26
448,448,Wallet,203493.39,2026-07-20
449,449,Debit Card,496801.7,2024-02-10
450,450,Wallet,390778.2,2025-04-29
451,451,Debit Card,20306.57,2026-02-24
452,452,Credit Card,513732.72,2026-04-17
453,453,Wallet,518615.91,2025-08-21
454,454,Debit Card,136903.57,2026-07-04
455,455,Debit Card,27434.88,2026-08-27
456,456,Debit Card,15676.4,2026-06-25
457,457,UPI,508864.56,2026-06-26
458,458,Net Banking,146716.41,2024-05-18
459,459,Cash on Delivery,24009.62,2025-02-07
460,460,Wallet,97566.18,2026-08-15
461,461,Cash on Delivery,307916.73,2024-07-20
462,462,Wallet,249076.12,2024-10-26
463,463,Net Banking,408287.79,2026-03-16
464,464,Net Banking,587828.05,2026-03-29
465,465,Net Banking,603250.24,2026-07-01
466,466,Wallet,1046229.47,2025-01-08
467,467,Cash on Delivery,129138.63,2025-06-09
468,468,Cash on Delivery,338948.37,2026-07-14
469,469,Cash on Delivery,340147.78,2024-11-22
470,470,Cash on Delivery,265136.65,2025-10-26
471,471,Credit Card,246362.43,2024-09-26
472,472,Wallet,187761.45,2024-12-11
473,473,Wallet,29013.88,2026-02-16
474,474,Wallet,202982.46,2024-03-23
475,475,Credit Card,566090.54,2024-05-13
476,476,UPI,143472.8,2025-10-01
477,477,UPI,1119953.77,2024-01-20
478,478,Wallet,432944.76,2026-07-15
479,479,UPI,12538.83,2024-02-06
480,480,Net Banking,716973.98,2025-12-14
481,481,Credit Card,174371.52,2026-04-02
482,482,Wallet,471369.39,2025-03-10
483,483,Wallet,26986.9,2024-05-15
484,484,UPI,701595.5,2024-09-24
485,485,Debit Card,539539.34,2024-10-15
486,486,UPI,428426.5,2025-04-05
487,487,Cash on Delivery,580075.7,2026-04-04
488,488,Debit Card,387052.89,2026-06-01
489,489,Net Banking,736126.95,2024-01-24
490,490,UPI,225109.47,2026-02-19
491,491,UPI,333451.4,2024-06-30
492,492,Credit Card,261505.64,2025-08-08
493,493,Debit Card,169766.73,2024-03-30
494,494,Net Banking,186868.47,2026-01-10
495,495,UPI,409277.37,2024-12-15
496,496,Wallet,290120.52,2024-03-13
497,497,Net Banking,37036.32,2026-06-11
498,498,Debit Card,883330.87,2026-06-13
499,499,Wallet,215411.13,2024-04-18
500,500,Net Banking,147790.46,2025-12-22
501,501,Cash on Delivery,336195.55,2026-02-02
502,502,Wallet,73006.05,2024-04-03
503,503,UPI,739904.4,2024-01-04
504,504,Debit Card,165184.9,2024-08-26
505,505,UPI,456659.21,2024-03-22
506,506,UPI,265975.77,2025-06-26
507,507,Wallet,75078.01,2024-07-21
508,508,Debit Card,181244.55,2025-09-11
509,509,Cash on Delivery,37061.31,2024-10-21
510,510,Net Banking,612388.45,2026-06-04
511,511,Net Banking,32184.82,2024-07-08
512,512,Net Banking,488535.79,2024-06-29
513,513,UPI,95294.64,2024-05-27
514,514,Cash on Delivery,639132.3,2024-07-12
515,515,Net Banking,410192.0,2026-02-18
516,516,Debit Card,60274.2,2026-05-18
517,517,Debit Card,398597.47,2024-06-15
518,518,Credit Card,149548.44,2025-08-29
519,519,Net Banking,222870.69,2025-06-02
520,520,Credit Card,294091.38,2025-03-12
521,521,Debit Card,577700.88,2026-01-23
522,522,Debit Card,545188.73,2025-11-01
523,523,Net Banking,530860.98,2024-09-14
524,524,UPI,230939.22,2024-03-07
525,525,Wallet,506964.87,2024-12-18
526,526,Debit Card,6048.0,2025-09-26
527,527,Cash on Delivery,433418.86,2024-03-22
528,528,Cash on Delivery,395687.04,2026-01-03
529,529,Net Banking,454481.8,2025-11-21
530,530,Net Banking,13532.13,2026-02-28
531,531,UPI,287243.23,2025-12-15
532,532,UPI,567115.72,2024-03-08
533,533,UPI,326639.83,2026-05-09
534,534,UPI,373223.4,2026-01-30
535,535,Cash on Delivery,14624.72,2025-05-26
536,536,Net Banking,90509.28,2024-11-16
537,537,Net Banking,547826.33,2024-07-13
538,538,UPI,13356.4,2024-02-13
539,539,Credit Card,377626.41,2025-04-21
540,540,Credit Card,236317.04,2026-08-03
541,541,Credit Card,151060.22,2025-02-16
542,542,Debit Card,219483.85,2025-04-20
543,543,Net Banking,812963.17,2026-01-25
544,544,UPI,477923.11,2026-08-30
545,545,Wallet,647594.58,2026-03-18
546,546,Debit Card,320685.86,2025-10-09
547,547,Wallet,316566.96,2024-01-15
548,548,Debit Card,114975.3,2025-11-08
549,549,Credit Card,158319.48,2025-08-30
550,550,UPI,500485.41,2024-04-07
551,551,Net Banking,21496.2,2024-06-02
552,552,Credit Card,225145.6,2024-01-23
553,553,Credit Card,148967.42,2024-11-06
554,554,Debit Card,387239.69,2025-07-16
555,555,Net Banking,53626.56,2025-05-13
556,556,Wallet,809805.02,2025-03-19
557,557,Net Banking,242817.06,2024-06-12
558,558,Cash on Delivery,126694.83,2024-03-02
559,559,Cash on Delivery,652196.4,2024-03-09
560,560,Cash on Delivery,740968.76,2025-05-03
561,561,Net Banking,290363.88,2024-08-28
562,562,Wallet,201473.6,2026-04-02
563,563,Debit Card,318842.06,2024-01-14
564,564,Cash on Delivery,263572.95,2024-06-11
565,565,Wallet,104502.55,2025-12-01
566,566,UPI,188987.44,2024-05-04
567,567,Credit Card,276736.11,2024-10-15
568,568,Wallet,582005.89,2026-04-06
569,569,UPI,375278.98,2025-01-13
570,570,Debit Card,245451.89,2024-03-05
571,571,Credit Card,600865.94,2025-03-03
572,572,Cash on Delivery,239280.99,2024-11-30
573,573,UPI,551990.8,2026-06-11
574,574,Net Banking,379246.55,2026-07-26
575,575,Net Banking,246838.75,2026-03-16
576,576,Cash on Delivery,202512.13,2025-08-14
577,577,Cash on Delivery,48189.28,2024-07-18
578,578,Wallet,332977.8,2024-11-25
579,579,Cash on Delivery,637278.18,2026-07-22
580,580,Cash on Delivery,193643.08,2025-09-16
581,581,Cash on Delivery,225980.58,2024-09-12
582,582,Credit Card,43299.59,2026-06-30
583,583,Debit Card,165310.0,2026-06-20
584,584,Net Banking,25707.55,2024-05-31
585,585,Cash on Delivery,80526.42,2025-06-25
586,586,Credit Card,431531.4,2026-07-11
587,587,Debit Card,163948.06,2026-01-15
588,588,Net Banking,385720.22,2025-02-02
589,589,UPI,740073.54,2026-02-27
590,590,Debit Card,391747.56,2025-01-07
591,591,Cash on Delivery,788277.38,2025-04-30
592,592,UPI,355954.58,2024-01-04
593,593,UPI,237699.43,2025-09-27
594,594,Wallet,244509.05,2026-03-13
595,595,Credit Card,430844.37,2025-05-11
596,596,UPI,159714.61,2026-06-23
597,597,UPI,752632.75,2026-04-10
598,598,Cash on Delivery,154481.7,2026-08-03
599,599,Net Banking,386208.4,2024-10-29
600,600,Debit Card,168052.04,2026-06-25
601,601,Credit Card,78617.8,2025-05-31
602,602,Credit Card,332494.32,2025-01-20
603,603,Credit Card,83823.64,2026-05-23
604,604,UPI,583650.37,2024-07-28
605,605,Debit Card,911857.72,2024-01-30
606,606,Debit Card,160424.54,2025-03-07
607,607,Wallet,330535.96,2026-03-05
608,608,Net Banking,665645.98,2025-04-02
609,609,Debit Card,668117.94,2024-06-09
610,610,UPI,412693.82,2024-11-17
611,611,Cash on Delivery,170964.2,2025-04-11
612,612,UPI,284886.68,2025-09-13
613,613,Credit Card,184557.96,2025-08-23
614,614,Net Banking,400857.24,2024-01-18
615,615,Debit Card,404654.95,2024-11-30
616,616,Cash on Delivery,658600.14,2024-05-25
617,617,UPI,280617.58,2025-01-19
618,618,Net Banking,251901.05,2025-03-20
619,619,UPI,302080.48,2024-07-01
620,620,UPI,311780.45,2026-02-17
621,621,Credit Card,415009.11,2024-11-27
622,622,Debit Card,15317.83,2024-02-10
623,623,Credit Card,120916.69,2026-01-10
624,624,Net Banking,77935.15,2025-05-23
625,625,Debit Card,602850.89,2024-05-23
626,626,Credit Card,479391.1,2024-06-16
627,627,Wallet,537053.99,2024-04-04
628,628,Credit Card,216563.96,2024-12-31
629,629,Debit Card,366270.94,2024-12-17
630,630,Net Banking,65743.92,2025-02-14
631,631,Wallet,379561.26,2025-03-02
632,632,Net Banking,516055.25,2025-12-12
633,633,Debit Card,261812.83,2024-04-01
634,634,UPI,543888.53,2024-06-11
635,635,Wallet,474839.09,2026-06-08
636,636,Debit Card,661414.28,2024-02-27
637,637,Credit Card,669572.6,2024-01-25
638,638,Net Banking,935899.31,2025-12-15
639,639,Credit Card,630613.82,2024-02-13
640,640,Debit Card,981253.3,2026-08-30
641,641,UPI,374007.15,2024-05-20
642,642,Wallet,114779.5,2025-01-31
643,643,Wallet,403289.73,2025-02-09
644,644,Credit Card,428832.95,2024-10-23
645,645,Credit Card,275815.25,2026-01-01
646,646,UPI,161040.78,2024-03-10
647,647,UPI,337008.78,2024-02-06
648,648,Debit Card,177035.5,2025-05-18
649,649,Debit Card,476496.92,2024-03-23
650,650,UPI,157221.21,2025-06-05
651,651,Wallet,426576.92,2025-02-10
652,652,UPI,629640.12,2024-01-08
653,653,UPI,197916.48,2025-09-29
654,654,Cash on Delivery,183402.34,2025-01-18
655,655,UPI,818553.77,2026-05-04
656,656,Wallet,349269.16,2024-09-19
657,657,Credit Card,426551.51,2026-07-08
658,658,UPI,241977.84,2025-10-28
659,659,Net Banking,388530.1,2025-04-01
660,660,UPI,83581.62,2025-11-18
661,661,Net Banking,531652.33,2024-07-28
662,662,UPI,483456.01,2025-01-31
663,663,Credit Card,809449.29,2026-08-13
664,664,Wallet,462987.1,2026-02-16
665,665,Net Banking,448217.73,2024-11-01
666,666,Wallet,292943.04,2024-08-07
667,667,Cash on Delivery,37431.66,2024-11-06
668,668,Credit Card,30393.81,2025-10-25
669,669,UPI,487152.25,2026-06-30
670,670,UPI,66708.91,2024-08-10
671,671,Debit Card,559022.2,2024-01-13
672,672,Credit Card,421704.34,2026-05-31
673,673,Credit Card,1195432.23,2026-08-27
674,674,UPI,171240.42,2024-12-01
675,675,Wallet,35453.37,2025-09-08
676,676,Debit Card,22590.28,2025-05-18
677,677,Debit Card,132945.28,2024-10-19
678,678,Credit Card,392492.29,2026-05-27
679,679,Wallet,140573.96,2025-09-23
680,680,Net Banking,105048.08,2026-05-23
681,681,Net Banking,440890.2,2026-05-27
682,682,Wallet,170362.45,2026-08-10
683,683,Credit Card,885377.72,2025-01-25
684,684,Wallet,62215.36,2024-06-12
685,685,Debit Card,541848.32,2024-08-08
686,686,Credit Card,42132.28,2025-03-09
687,687,Cash on Delivery,362750.9,2024-03-18
688,688,Debit Card,258307.26,2024-01-23
689,689,Wallet,288888.86,2026-07-09
690,690,Credit Card,302261.16,2024-09-26
691,691,Debit Card,729700.38,2026-06-27
692,692,Net Banking,37856.5,2024-07-28
693,693,UPI,427668.43,2026-02-01
694,694,UPI,615546.3,2024-02-01
695,695,Net Banking,698992.6,2025-05-02
696,696,UPI,410107.22,2024-03-29
697,697,Wallet,712941.68,2026-06-09
698,698,Debit Card,44203.9,2025-07-24
699,699,Wallet,351193.08,2025-12-20
700,700,Cash on Delivery,315325.22,2026-01-18
701,701,Cash on Delivery,595597.21,2024-03-07
702,702,Wallet,452183.3,2024-01-31
703,703,Cash on Delivery,902093.51,2026-04-30
704,704,Debit Card,517667.49,2024-01-14
705,705,Debit Card,169103.4,2025-11-03
706,706,Wallet,90758.18,2026-06-16
707,707,Credit Card,534943.93,2026-01-06
708,708,Net Banking,1053396.02,2024-09-30
709,709,Wallet,440708.9,2026-06-11
710,710,UPI,225177.04,2025-04-03
711,711,Cash on Delivery,136968.04,2024-02-15
712,712,Debit Card,717229.84,2026-05-27
713,713,Debit Card,671308.03,2025-12-20
714,714,Debit Card,44841.1,2026-01-02
715,715,Credit Card,94002.12,2024-10-20
716,716,Net Banking,376971.28,2025-01-11
717,717,Debit Card,1048286.36,2025-07-11
718,718,Cash on Delivery,969264.92,2026-07-12
719,719,Credit Card,3005.26,2025-07-07
720,720,Net Banking,492299.37,2025-10-16
721,721,Cash on Delivery,758657.39,2025-08-17
722,722,Credit Card,668801.54,2024-12-21
723,723,Wallet,924024.18,2026-04-13
724,724,Wallet,424823.38,2025-05-21
725,725,Cash on Delivery,299306.82,2025-01-03
726,726,Debit Card,209878.92,2025-09-08
727,727,UPI,41498.24,2024-12-06
728,728,Cash on Delivery,231993.34,2025-04-22
729,729,UPI,250019.76,2026-06-01
730,730,Debit Card,486946.64,2024-02-13
731,731,Cash on Delivery,241585.35,2026-05-30
732,732,Cash on Delivery,471271.6,2025-09-05
733,733,Wallet,533379.37,2026-05-01
734,734,Debit Card,957744.19,2026-03-28
735,735,UPI,449988.5,2026-03-22
736,736,Credit Card,425958.32,2025-02-09
737,737,Credit Card,452346.48,2026-06-20
738,738,Credit Card,467364.8,2025-07-11
739,739,Credit Card,573966.35,2025-08-12
740,740,Debit Card,645293.62,2025-07-17
741,741,Cash on Delivery,1092541.05,2026-01-27
742,742,Debit Card,419710.62,2026-03-17
743,743,Cash on Delivery,957470.5,2024-11-29
744,744,Credit Card,92028.48,2025-01-17
745,745,Debit Card,214023.88,2025-06-19
746,746,Cash on Delivery,626841.64,2024-08-12
747,747,UPI,120621.41,2025-02-21
748,748,Wallet,326740.72,2024-08-19
749,749,Credit Card,104936.89,2024-06-08
750,750,Wallet,229921.11,2026-02-10
751,751,Wallet,120605.3,2026-07-03
752,752,Wallet,369756.06,2026-03-30
753,753,Debit Card,597503.31,2026-07-26
754,754,Wallet,237206.41,2024-11-09
755,755,Credit Card,206780.79,2024-11-06
756,756,Cash on Delivery,842692.93,2025-10-15
757,757,Cash on Delivery,412035.56,2024-07-14
758,758,UPI,183496.1,2024-10-29
759,759,Debit Card,82158.8,2026-04-27
760,760,UPI,218228.16,2024-03-09
761,761,Net Banking,133090.92,2024-05-01
762,762,Debit Card,621328.44,2025-11-08
763,763,UPI,609337.16,2025-09-03
764,764,Net Banking,859274.33,2025-01-18
765,765,Wallet,45045.86,2025-09-26
766,766,Wallet,76993.97,2025-10-12
767,767,Cash on Delivery,118978.86,2025-11-26
768,768,UPI,344773.24,2025-05-26
769,769,Cash on Delivery,704763.15,2024-09-18
770,770,Wallet,868712.49,2026-03-27
771,771,Wallet,361210.65,2026-02-27
772,772,Net Banking,833725.83,2025-08-24
773,773,Credit Card,736489.46,2026-08-29
774,774,Debit Card,378545.8,2024-01-28
775,775,Debit Card,8732.42,2025-05-14
776,776,Debit Card,104779.23,2025-05-01
777,777,Credit Card,531914.13,2024-03-25
778,778,Debit Card,344273.52,2026-01-02
779,779,Credit Card,156904.58,2025-04-10
780,780,Debit Card,542170.43,2024-09-04
781,781,Wallet,172525.84,2024-02-05
782,782,Wallet,697183.25,2026-03-06
783,783,Net Banking,301140.2,2024-08-09
784,784,Net Banking,1148161.44,2024-01-11
785,785,Net Banking,317251.2,2026-06-02
786,786,Net Banking,303502.9,2026-08-15
787,787,Debit Card,509885.71,2025-05-29
788,788,Debit Card,370890.9,2025-12-14
789,789,Debit Card,335358.01,2026-08-05
790,790,Cash on Delivery,11564.88,2024-02-19
791,791,Net Banking,5370.9,2025-12-15
792,792,Debit Card,239311.95,2026-07-12
793,793,Cash on Delivery,430905.86,2024-06-15
794,794,Credit Card,333750.33,2024-12-05
795,795,UPI,233623.88,2024-06-07
796,796,Debit Card,584353.62,2024-07-22
797,797,Net Banking,355591.29,2024-01-06
798,798,Debit Card,131621.24,2026-04-06
799,799,UPI,429823.16,2026-03-02
800,800,UPI,797663.56,2024-07-06
801,801,Net Banking,476873.12,2025-11-30
802,802,UPI,624976.97,2024-08-22
803,803,Net Banking,439708.37,2025-12-18
804,804,Cash on Delivery,120456.75,2024-04-13
805,805,Cash on Delivery,265380.01,2026-01-28
806,806,Cash on Delivery,747967.92,2025-07-30
807,807,Credit Card,169005.08,2025-01-10
808,808,Net Banking,80535.03,2024-01-22
809,809,Debit Card,206822.8,2025-12-11
810,810,Cash on Delivery,105424.14,2024-04-18
811,811,Net Banking,733549.5,2024-10-12
812,812,Credit Card,81410.69,2025-03-08
813,813,Wallet,452171.85,2024-09-26
814,814,Wallet,114238.8,2025-01-01
815,815,Net Banking,288707.52,2026-07-30
816,816,Debit Card,345374.27,2026-06-15
817,817,Debit Card,468645.51,2024-06-14
818,818,Credit Card,104903.5,2025-11-11
819,819,Net Banking,78670.62,2025-07-13
820,820,Net Banking,612055.72,2025-05-04
821,821,Cash on Delivery,237782.55,2025-11-03
822,822,Credit Card,60501.59,2024-04-28
823,823,Cash on Delivery,21323.33,2024-07-26
824,824,Debit Card,504892.38,2026-02-03
825,825,Wallet,20862.3,2025-01-15
826,826,Debit Card,526106.7,2024-01-13
827,827,Wallet,403661.94,2024-09-29
828,828,Net Banking,162238.95,2024-11-06
829,829,UPI,327417.54,2024-11-23
830,830,Cash on Delivery,498859.79,2025-05-06
831,831,UPI,357814.14,2025-11-10
832,832,Credit Card,983077.34,2024-08-07
833,833,UPI,348770.88,2025-07-20
834,834,UPI,160518.9,2026-05-29
835,835,Debit Card,758412.11,2025-11-14
836,836,UPI,667008.57,2024-05-28
837,837,Net Banking,290663.7,2025-05-04
838,838,Credit Card,217739.69,2025-08-02
839,839,Debit Card,109839.93,2026-02-10
840,840,Debit Card,617663.61,2025-01-05
841,841,Debit Card,382881.43,2024-09-25
842,842,Wallet,538479.8,2025-03-18
843,843,Credit Card,278533.85,2026-03-10
844,844,Cash on Delivery,289683.55,2025-11-18
845,845,Net Banking,413968.72,2025-02-04
846,846,UPI,227260.64,2026-06-06
847,847,UPI,406348.93,2024-05-10
848,848,Net Banking,96009.68,2026-03-20
849,849,UPI,922987.54,2025-10-23
850,850,Cash on Delivery,356765.14,2024-06-10
851,851,Cash on Delivery,18480.0,2024-10-21
852,852,Credit Card,545346.95,2025-03-19
853,853,Credit Card,520564.55,2024-03-08
854,854,Wallet,351444.55,2026-07-02
855,855,Wallet,83541.27,2025-10-18
856,856,Debit Card,305377.0,2025-02-06
857,857,Net Banking,339550.61,2026-04-06
858,858,UPI,156839.36,2024-11-06
859,859,Net Banking,57208.17,2024-11-30
860,860,Cash on Delivery,828903.34,2026-08-29
861,861,Credit Card,392776.21,2025-01-30
862,862,Net Banking,100320.84,2025-12-05
863,863,Credit Card,214683.41,2026-08-03
864,864,Debit Card,773061.08,2025-11-07
865,865,Wallet,289975.88,2025-04-25
866,866,UPI,258874.66,2025-05-16
867,867,Wallet,10483.01,2025-06-13
868,868,Net Banking,653790.56,2024-09-14
869,869,Debit Card,17438.92,2024-10-04
870,870,Credit Card,226249.55,2025-06-09
871,871,UPI,273723.36,2026-07-16
872,872,Wallet,133201.09,2025-08-02
873,873,Net Banking,217714.45,2024-11-09
874,874,UPI,320358.6,2025-06-14
875,875,Credit Card,345142.32,2024-09-27
876,876,Credit Card,222717.49,2025-11-05
877,877,Debit Card,411115.0,2026-06-30
878,878,UPI,59650.73,2026-02-27
879,879,Wallet,586162.17,2025-12-04
880,880,Credit Card,172742.15,2025-07-09
881,881,Wallet,590719.96,2026-03-28
882,882,Wallet,172596.0,2024-06-26
883,883,Wallet,243874.82,2026-06-16
884,884,Cash on Delivery,2390.25,2024-07-29
885,885,Debit Card,738828.9,2026-04-30
886,886,Credit Card,162834.26,2025-10-25
887,887,Wallet,15834.05,2024-09-08
888,888,Wallet,883723.78,2024-10-04
889,889,Cash on Delivery,230407.02,2025-07-04
890,890,Cash on Delivery,121428.3,2025-09-12
891,891,Cash on Delivery,89277.33,2025-01-20
892,892,Debit Card,392611.64,2024-01-04
893,893,Debit Card,472382.44,2026-08-14
894,894,Credit Card,321981.42,2025-04-10
895,895,Net Banking,177189.76,2025-08-20
896,896,Cash on Delivery,365473.8,2025-08-04
897,897,Cash on Delivery,439582.89,2024-02-22
898,898,Debit Card,350021.24,2025-05-16
899,899,Credit Card,218531.92,2025-03-23
900,900,Wallet,221719.93,2024-05-23
901,901,Credit Card,224479.04,2026-02-17
902,902,Net Banking,47185.88,2024-02-12
903,903,UPI,64575.76,2024-04-20
904,904,Net Banking,343104.24,2024-05-10
905,905,Cash on Delivery,50873.59,2026-01-30
906,906,Debit Card,321791.04,2024-02-10
907,907,Cash on Delivery,416255.74,2024-03-02
908,908,Net Banking,77605.14,2025-10-01
909,909,Wallet,119828.87,2025-03-16
910,910,Debit Card,889243.13,2025-09-25
911,911,Debit Card,384991.29,2024-09-30
912,912,Debit Card,484069.24,2026-05-10
913,913,Cash on Delivery,748038.08,2025-07-20
914,914,Wallet,466390.86,2024-08-13
915,915,Wallet,78977.34,2026-04-24
916,916,Debit Card,38694.28,2025-09-23
917,917,Wallet,48561.02,2024-04-03
918,918,Cash on Delivery,451629.4,2024-10-03
919,919,Debit Card,726378.37,2024-04-07
920,920,Net Banking,588098.2,2024-08-14
921,921,Wallet,157959.86,2024-06-18
922,922,Cash on Delivery,37513.7,2024-08-13
923,923,UPI,415012.72,2024-09-01
924,924,Credit Card,657493.59,2025-08-16
925,925,Net Banking,438873.59,2025-01-30
926,926,Wallet,503861.71,2024-04-12
927,927,Credit Card,207054.46,2025-12-30
928,928,Wallet,364460.23,2026-01-26
929,929,UPI,643620.09,2025-09-21
930,930,Net Banking,236677.76,2025-07-08
931,931,Wallet,1325527.56,2026-06-21
932,932,Debit Card,89416.16,2026-03-19
933,933,Wallet,347087.07,2024-11-25
934,934,Wallet,20303.69,2025-09-22
935,935,Wallet,391937.35,2025-09-13
936,936,Credit Card,410994.82,2025-12-21
937,937,Net Banking,60510.08,2025-12-16
938,938,Wallet,408547.25,2026-03-17
939,939,UPI,375982.8,2024-11-17
940,940,Cash on Delivery,335687.48,2024-09-11
941,941,Credit Card,328242.99,2024-08-24
942,942,Credit Card,188796.85,2025-04-25
943,943,Credit Card,748685.58,2026-08-15
944,944,Wallet,656834.83,2025-12-15
945,945,Debit Card,525892.4,2026-03-30
946,946,UPI,142544.04,2024-12-19
947,947,Credit Card,134447.19,2025-05-17
948,948,Credit Card,265059.6,2026-07-20
949,949,Cash on Delivery,83304.68,2024-09-18
950,950,Credit Card,48199.03,2025-01-10
951,951,Net Banking,587752.87,2025-05-05
952,952,Wallet,338907.98,2026-05-24
953,953,Credit Card,320270.18,2025-09-05
954,954,Net Banking,765905.92,2026-05-16
955,955,Net Banking,516712.76,2025-01-08
956,956,UPI,534035.11,2024-04-02
957,957,Net Banking,555141.57,2024-04-04
958,958,Net Banking,371330.64,2024-02-21
959,959,Debit Card,680488.94,2026-08-12
960,960,Wallet,512864.12,2024-10-27
961,961,UPI,48616.14,2024-10-12
962,962,Wallet,229574.06,2024-08-22
963,963,Debit Card,703082.42,2025-06-17
964,964,UPI,322766.35,2024-04-04
965,965,Debit Card,532648.64,2025-11-01
966,966,Wallet,512896.19,2026-06-06
967,967,Net Banking,488990.27,2024-10-22
968,968,Debit Card,414622.28,2025-03-09
969,969,Wallet,389866.32,2024-01-18
970,970,Debit Card,237181.13,2025-09-09
971,971,UPI,305170.44,2026-03-02
972,972,UPI,346996.27,2026-03-12
973,973,Credit Card,606419.44,2026-03-08
974,974,Cash on Delivery,680367.81,2025-01-12
975,975,Net Banking,19713.79,2025-06-30
976,976,Credit Card,1096292.56,2026-03-16
977,977,Cash on Delivery,33254.11,2024-06-24
978,978,UPI,570130.25,2026-04-12
979,979,UPI,433157.97,2026-07-05
980,980,UPI,836584.79,2024-06-20
981,981,Debit Card,213670.22,2026-05-16
982,982,UPI,65073.02,2025-09-15
983,983,Credit Card,475460.6,2026-03-12
984,984,Wallet,120751.68,2025-04-10
985,985,Credit Card,100744.74,2025-12-31
986,986,Cash on Delivery,192306.53,2025-09-12
987,987,Wallet,100573.2,2025-01-21
988,988,Cash on Delivery,15020.45,2025-04-16
989,989,Credit Card,469519.75,2025-11-24
990,990,UPI,465147.37,2025-07-08
991,991,Net Banking,684132.41,2025-06-21
992,992,Wallet,586870.5,2026-08-23
993,993,Debit Card,340064.52,2025-09-12
994,994,Wallet,739700.93,2026-02-06
995,995,Wallet,837385.93,2025-06-20
996,996,Debit Card,224643.95,2025-05-30
997,997,Cash on Delivery,102564.45,2026-04-04
998,998,Debit Card,576120.91,2025-09-06
999,999,Credit Card,696687.88,2024-11-01
1000,1000,Cash on Delivery,251781.43,2025-02-26
1001,1001,Wallet,507677.32,2025-01-17
1002,1002,Credit Card,1116685.5,2024-07-22
1003,1003,Net Banking,288016.33,2025-03-21
1004,1004,Net Banking,199153.2,2024-05-30
1005,1005,Net Banking,145672.34,2026-03-20
1006,1006,Net Banking,335242.0,2025-10-26
1007,1007,Debit Card,181663.49,2024-09-07
1008,1008,Credit Card,72735.68,2024-08-20
1009,1009,Credit Card,924976.78,2025-05-13
1010,1010,Cash on Delivery,595614.78,2025-04-21
1011,1011,Credit Card,15304.8,2025-04-19
1012,1012,Debit Card,311886.1,2024-02-22
1013,1013,Wallet,365391.98,2026-07-07
1014,1014,Debit Card,361973.1,2024-10-29
1015,1015,Credit Card,684588.87,2025-04-21
1016,1016,Credit Card,731741.47,2025-10-31
1017,1017,Wallet,607688.83,2025-09-04
1018,1018,Net Banking,372881.39,2025-06-08
1019,1019,Credit Card,77282.72,2026-08-14
1020,1020,Wallet,261558.68,2025-05-05
1021,1021,Credit Card,51587.02,2024-07-17
1022,1022,Wallet,70817.64,2024-06-18
1023,1023,Net Banking,173327.25,2024-05-29
1024,1024,Cash on Delivery,301757.68,2024-10-03
1025,1025,Credit Card,325072.54,2024-08-11
1026,1026,Cash on Delivery,78566.5,2024-01-25
1027,1027,Net Banking,85414.38,2026-03-28
1028,1028,Wallet,432209.5,2025-09-28
1029,1029,Cash on Delivery,272847.86,2024-02-22
1030,1030,Credit Card,953130.65,2024-05-06
1031,1031,UPI,373121.34,2025-05-14
1032,1032,Debit Card,374460.86,2024-02-07
1033,1033,UPI,147070.79,2026-01-16
1034,1034,UPI,390511.64,2024-03-09
1035,1035,UPI,891912.47,2026-08-13
1036,1036,Credit Card,364917.04,2025-11-07
1037,1037,Net Banking,192098.02,2026-01-09
1038,1038,UPI,211209.7,2024-05-25
1039,1039,Net Banking,447985.27,2024-04-05
1040,1040,Net Banking,227239.17,2025-02-07
1041,1041,Credit Card,284804.06,2024-11-06
1042,1042,UPI,545087.61,2024-07-18
1043,1043,Debit Card,296103.32,2025-03-03
1044,1044,Credit Card,12373.16,2024-06-04
1045,1045,Wallet,289674.15,2024-09-18
1046,1046,Wallet,388453.16,2024-01-01
1047,1047,Debit Card,722841.13,2026-05-29
1048,1048,Wallet,11691.32,2025-05-09
1049,1049,Cash on Delivery,196995.46,2025-04-24
1050,1050,Net Banking,49731.54,2026-08-05
1051,1051,Cash on Delivery,224125.89,2024-03-22
1052,1052,Wallet,530246.25,2026-07-09
1053,1053,Net Banking,350915.65,2025-01-16
1054,1054,Debit Card,178291.0,2024-09-21
1055,1055,Credit Card,569775.41,2026-06-29
1056,1056,Net Banking,281336.42,2024-12-04
1057,1057,UPI,426684.84,2025-06-23
1058,1058,Debit Card,315245.0,2026-05-05
1059,1059,Debit Card,42963.76,2025-11-29
1060,1060,Net Banking,557939.07,2026-03-07
1061,1061,Credit Card,485038.7,2026-04-14
1062,1062,UPI,501192.8,2024-10-05
1063,1063,UPI,730128.4,2024-11-03
1064,1064,Debit Card,396510.15,2025-02-18
1065,1065,Credit Card,420451.34,2024-11-03
1066,1066,UPI,89076.44,2024-04-19
1067,1067,Cash on Delivery,502484.52,2024-08-16
1068,1068,Cash on Delivery,5496.91,2026-06-20
1069,1069,Cash on Delivery,889893.42,2026-07-15
1070,1070,Credit Card,316234.65,2025-12-15
1071,1071,UPI,1101417.03,2025-02-26
1072,1072,Cash on Delivery,278491.21,2025-08-03
1073,1073,Net Banking,192728.67,2024-09-05
1074,1074,Credit Card,155274.5,2026-08-29
1075,1075,UPI,191871.81,2026-03-04
1076,1076,Wallet,485373.3,2024-02-28
1077,1077,Cash on Delivery,675150.4,2025-03-18
1078,1078,Debit Card,917518.95,2024-02-01
1079,1079,UPI,28601.65,2024-05-01
1080,1080,Net Banking,272890.14,2026-06-19
1081,1081,Cash on Delivery,350089.16,2025-02-09
1082,1082,Credit Card,724066.18,2025-03-16
1083,1083,Credit Card,665925.7,2024-09-06
1084,1084,Net Banking,339303.88,2024-12-10
1085,1085,Net Banking,294877.29,2025-08-30
1086,1086,Credit Card,75485.63,2024-04-13
1087,1087,UPI,66174.38,2026-01-25
1088,1088,Credit Card,649276.08,2025-03-14
1089,1089,Cash on Delivery,172758.54,2026-08-14
1090,1090,Net Banking,387085.6,2025-12-15
1091,1091,Credit Card,198552.13,2024-01-03
1092,1092,Debit Card,650944.5,2024-05-16
1093,1093,UPI,137979.25,2025-01-10
1094,1094,Wallet,158276.0,2026-04-26
1095,1095,Debit Card,762455.61,2025-08-08
1096,1096,Cash on Delivery,496882.59,2026-07-03
1097,1097,Debit Card,451743.52,2024-02-09
1098,1098,UPI,132923.95,2024-02-10
1099,1099,Credit Card,333390.88,2026-08-02
1100,1100,Wallet,46110.97,2026-07-07
1101,1101,Wallet,240076.13,2024-04-20
1102,1102,Net Banking,131766.24,2025-09-22
1103,1103,Wallet,523495.02,2026-05-01
1104,1104,Debit Card,269942.4,2024-03-07
1105,1105,Cash on Delivery,105265.34,2024-09-23
1106,1106,Wallet,126264.57,2025-12-17
1107,1107,Wallet,134306.12,2025-09-13
1108,1108,UPI,105787.24,2024-02-02
1109,1109,Cash on Delivery,276321.14,2025-11-11
1110,1110,Credit Card,422077.26,2026-04-09
1111,1111,Net Banking,398122.42,2025-06-05
1112,1112,Cash on Delivery,354013.64,2025-12-23
1113,1113,Wallet,473987.18,2026-04-06
1114,1114,UPI,486683.26,2026-05-17
1115,1115,UPI,927347.5,2024-08-03
1116,1116,Cash on Delivery,825468.2,2025-12-21
1117,1117,UPI,363397.85,2024-03-01
1118,1118,Net Banking,253100.49,2024-05-31
1119,1119,Credit Card,659625.21,2024-05-09
1120,1120,Credit Card,396914.8,2024-10-16
1121,1121,UPI,449020.13,2024-11-23
1122,1122,Cash on Delivery,663537.39,2025-05-08
1123,1123,Wallet,31162.8,2026-08-10
1124,1124,Wallet,212482.4,2025-11-18
1125,1125,Net Banking,165894.1,2024-11-05
1126,1126,UPI,626271.76,2026-07-06
1127,1127,Credit Card,478.11,2025-01-07
1128,1128,UPI,891676.41,2024-12-19
1129,1129,Cash on Delivery,365084.46,2026-05-11
1130,1130,Cash on Delivery,380655.77,2025-02-02
1131,1131,Debit Card,347257.3,2025-04-19
1132,1132,Debit Card,435002.39,2026-03-13
1133,1133,Credit Card,129515.49,2025-04-05
1134,1134,Credit Card,596381.81,2026-02-02
1135,1135,Cash on Delivery,420359.46,2025-11-05
1136,1136,Wallet,555944.49,2026-02-08
1137,1137,Wallet,594122.2,2024-07-07
1138,1138,Debit Card,163775.62,2024-06-17
1139,1139,Cash on Delivery,452867.85,2024-04-05
1140,1140,Net Banking,188572.8,2024-05-31
1141,1141,UPI,627525.45,2024-09-02
1142,1142,Credit Card,169829.8,2024-10-11
1143,1143,Credit Card,549790.47,2024-07-03
1144,1144,Credit Card,177842.6,2024-01-10
1145,1145,UPI,83798.45,2024-12-17
1146,1146,Debit Card,768789.15,2024-12-11
1147,1147,Cash on Delivery,404809.22,2026-03-01
1148,1148,Cash on Delivery,83554.3,2024-07-25
1149,1149,Cash on Delivery,36452.51,2025-11-27
1150,1150,Wallet,46660.12,2026-01-31
1151,1151,Net Banking,799481.29,2025-02-04
1152,1152,Debit Card,66318.74,2025-09-19
1153,1153,UPI,398689.99,2025-03-21
1154,1154,Net Banking,991668.71,2026-03-30
1155,1155,Debit Card,483072.58,2026-01-06
1156,1156,Net Banking,247162.2,2025-07-05
1157,1157,Cash on Delivery,334560.48,2024-02-15
1158,1158,UPI,246245.99,2025-02-21
1159,1159,Credit Card,25877.0,2026-03-21
1160,1160,Credit Card,573825.62,2026-06-18
1161,1161,Credit Card,178562.74,2026-07-25
1162,1162,UPI,528645.14,2024-08-24
1163,1163,Cash on Delivery,589015.27,2025-08-28
1164,1164,Cash on Delivery,445562.12,2024-11-03
1165,1165,Cash on Delivery,434023.39,2024-02-09
1166,1166,UPI,753556.24,2026-07-15
1167,1167,Net Banking,141937.74,2024-09-28
1168,1168,UPI,130509.74,2024-02-11
1169,1169,Cash on Delivery,67494.04,2025-04-05
1170,1170,Debit Card,128609.19,2025-03-16
1171,1171,UPI,101662.13,2026-04-01
1172,1172,Net Banking,276550.73,2026-04-13
1173,1173,Debit Card,244036.27,2025-03-02
1174,1174,UPI,186201.08,2026-01-20
1175,1175,Credit Card,463660.05,2026-03-17
1176,1176,Wallet,261482.21,2025-11-10
1177,1177,Debit Card,583807.57,2024-08-06
1178,1178,UPI,124592.03,2024-10-21
1179,1179,Credit Card,312253.6,2024-08-28
1180,1180,UPI,758968.75,2025-07-28
1181,1181,UPI,139407.16,2025-07-12
1182,1182,Net Banking,275978.1,2025-12-02
1183,1183,Cash on Delivery,337959.31,2025-10-24
1184,1184,Wallet,412782.24,2024-01-22
1185,1185,Cash on Delivery,33947.22,2026-02-06
1186,1186,Net Banking,25441.07,2025-11-04
1187,1187,Net Banking,235637.1,2025-03-01
1188,1188,Wallet,98755.3,2024-07-27
1189,1189,Debit Card,515999.25,2024-04-09
1190,1190,Cash on Delivery,386994.15,2024-11-12
1191,1191,Wallet,668514.57,2025-07-15
1192,1192,Net Banking,262334.11,2024-06-08
1193,1193,Debit Card,90916.32,2026-08-17
1194,1194,Debit Card,291818.82,2024-03-08
1195,1195,Wallet,787252.83,2026-02-15
1196,1196,Cash on Delivery,244861.36,2024-07-02
1197,1197,Debit Card,54056.64,2024-12-11
1198,1198,UPI,635977.57,2026-05-05
1199,1199,Cash on Delivery,125139.09,2025-06-07
1200,1200,Debit Card,517967.05,2025-09-21
1201,1201,Cash on Delivery,868158.75,2024-12-30
1202,1202,UPI,433460.83,2024-06-29
1203,1203,Debit Card,54823.1,2025-07-12
1204,1204,Debit Card,745422.96,2024-01-19
1205,1205,UPI,551072.79,2026-04-03
1206,1206,Debit Card,327016.0,2024-03-29
1207,1207,Cash on Delivery,410231.56,2024-05-29
1208,1208,Net Banking,86628.06,2026-04-14
1209,1209,Credit Card,835388.35,2025-05-05
1210,1210,Credit Card,812706.54,2025-10-08
1211,1211,Net Banking,41855.3,2026-05-23
1212,1212,Net Banking,137093.22,2025-03-18
1213,1213,Cash on Delivery,167460.54,2026-03-05
1214,1214,Debit Card,513996.67,2024-06-20
1215,1215,Wallet,241478.52,2025-05-10
1216,1216,Net Banking,218980.27,2025-12-15
1217,1217,Credit Card,255101.2,2024-08-20
1218,1218,Net Banking,506314.74,2026-07-23
1219,1219,Credit Card,612620.48,2026-02-28
1220,1220,Cash on Delivery,468849.31,2025-10-19
1221,1221,Net Banking,134091.24,2024-02-12
1222,1222,Debit Card,115071.64,2024-01-04
1223,1223,UPI,662018.09,2025-11-11
1224,1224,Cash on Delivery,630083.81,2024-12-12
1225,1225,UPI,85658.37,2024-01-08
1226,1226,Debit Card,266569.38,2025-04-19
1227,1227,Wallet,412814.0,2024-04-08
1228,1228,Credit Card,228158.4,2026-02-23
1229,1229,UPI,123020.22,2025-04-29
1230,1230,Debit Card,502248.69,2026-01-13
1231,1231,Credit Card,442274.44,2025-10-01
1232,1232,Wallet,209580.21,2026-05-05
1233,1233,Cash on Delivery,24069.08,2024-11-15
1234,1234,Debit Card,597512.32,2024-10-27
1235,1235,Wallet,525887.86,2024-02-26
1236,1236,Debit Card,459390.37,2024-05-20
1237,1237,UPI,15646.7,2025-01-23
1238,1238,Wallet,165046.1,2024-12-14
1239,1239,Wallet,502737.91,2025-06-27
1240,1240,Debit Card,628234.28,2024-11-11
1241,1241,Net Banking,519975.04,2024-01-24
1242,1242,Credit Card,535105.68,2024-12-01
1243,1243,UPI,15738.76,2026-06-09
1244,1244,Net Banking,1339911.45,2025-09-09
1245,1245,Net Banking,149996.0,2025-01-06
1246,1246,Debit Card,629629.13,2024-09-27
1247,1247,Wallet,248163.88,2026-06-28
1248,1248,Credit Card,374608.82,2024-08-05
1249,1249,Debit Card,157519.5,2024-08-25
1250,1250,Cash on Delivery,755183.16,2026-05-11
1251,1251,Credit Card,77080.53,2025-07-08
1252,1252,Cash on Delivery,84602.22,2026-04-11
1253,1253,Debit Card,1015429.36,2025-08-14
1254,1254,UPI,716499.34,2024-10-31
1255,1255,Net Banking,27190.38,2024-10-31
1256,1256,Wallet,88782.06,2026-02-09
1257,1257,Net Banking,141904.29,2026-07-29
1258,1258,Net Banking,493175.46,2025-11-04
1259,1259,Debit Card,71112.56,2024-02-23
1260,1260,UPI,218674.33,2026-08-29
1261,1261,Net Banking,164184.1,2024-04-19
1262,1262,Cash on Delivery,114497.34,2025-04-25
1263,1263,Wallet,189861.36,2025-07-08
1264,1264,Cash on Delivery,407766.94,2025-08-28
1265,1265,Wallet,218256.48,2026-03-24
1266,1266,Wallet,188710.98,2024-06-21
1267,1267,Net Banking,369438.52,2025-08-05
1268,1268,Cash on Delivery,432992.33,2025-10-07
1269,1269,Cash on Delivery,531353.1,2024-08-11
1270,1270,Wallet,75696.63,2024-06-22
1271,1271,Wallet,122787.04,2026-06-03
1272,1272,Debit Card,169693.69,2025-02-21
1273,1273,Cash on Delivery,70844.91,2026-06-15
1274,1274,Debit Card,286360.7,2026-01-17
1275,1275,Net Banking,853206.97,2025-05-19
1276,1276,Debit Card,879118.81,2025-03-16
1277,1277,Cash on Delivery,275904.13,2025-02-01
1278,1278,UPI,209993.37,2024-10-26
1279,1279,UPI,768795.83,2025-08-27
1280,1280,UPI,107211.29,2024-10-21
1281,1281,Net Banking,464976.53,2026-05-26
1282,1282,Wallet,226226.13,2025-03-06
1283,1283,Net Banking,503631.58,2025-05-24
1284,1284,Net Banking,183845.28,2025-02-19
1285,1285,Wallet,458366.79,2024-09-16
1286,1286,Credit Card,900790.0,2024-07-07
1287,1287,Net Banking,858678.34,2024-05-02
1288,1288,Debit Card,24543.48,2024-05-15
1289,1289,UPI,836251.44,2024-09-12
1290,1290,Cash on Delivery,408155.24,2024-03-14
1291,1291,Net Banking,99164.44,2024-08-11
1292,1292,Cash on Delivery,705358.53,2025-08-11
1293,1293,Credit Card,942473.0,2026-01-04
1294,1294,Wallet,489142.32,2024-01-15
1295,1295,Cash on Delivery,63562.83,2024-07-30
1296,1296,Net Banking,545723.48,2026-01-11
1297,1297,Cash on Delivery,959367.1,2026-06-08
1298,1298,Cash on Delivery,198529.08,2025-01-22
1299,1299,Debit Card,217959.52,2024-10-08
1300,1300,Credit Card,411111.85,2026-05-28
1301,1301,Net Banking,286828.98,2025-02-02
1302,1302,Net Banking,108313.96,2025-11-12
1303,1303,UPI,331658.84,2024-09-05
1304,1304,UPI,188885.97,2024-10-07
1305,1305,Credit Card,298578.92,2024-01-04
1306,1306,Debit Card,339388.96,2024-03-03
1307,1307,Cash on Delivery,130985.16,2024-03-02
1308,1308,Credit Card,424237.15,2024-10-23
1309,1309,UPI,194553.96,2026-06-21
1310,1310,Net Banking,226379.17,2024-10-13
1311,1311,Wallet,547427.09,2024-01-15
1312,1312,Debit Card,654296.29,2025-06-26
1313,1313,Debit Card,450857.85,2024-12-22
1314,1314,Wallet,171347.86,2025-04-05
1315,1315,Wallet,93570.0,2024-10-09
1316,1316,Cash on Delivery,167363.44,2025-02-03
1317,1317,Cash on Delivery,226004.19,2024-08-13
1318,1318,Credit Card,424841.27,2024-01-18
1319,1319,Debit Card,358843.36,2025-05-12
1320,1320,Credit Card,250541.61,2025-07-18
1321,1321,Net Banking,268615.32,2024-05-28
1322,1322,Cash on Delivery,394926.29,2025-01-14
1323,1323,UPI,92630.0,2024-04-11
1324,1324,Debit Card,663389.55,2025-06-12
1325,1325,Net Banking,55901.59,2025-02-17
1326,1326,UPI,325725.86,2026-06-25
1327,1327,Debit Card,371233.87,2024-10-16
1328,1328,UPI,117523.56,2026-02-14
1329,1329,Net Banking,583908.09,2025-07-23
1330,1330,Wallet,339933.01,2026-03-29
1331,1331,Cash on Delivery,188248.97,2024-07-06
1332,1332,Credit Card,395283.92,2024-01-04
1333,1333,Net Banking,475759.28,2024-12-01
1334,1334,Debit Card,610776.71,2025-07-21
1335,1335,UPI,336456.24,2024-01-02
1336,1336,Cash on Delivery,216623.14,2024-04-21
1337,1337,Net Banking,67143.67,2026-02-21
1338,1338,Debit Card,451690.75,2026-04-03
1339,1339,Net Banking,294447.42,2025-10-05
1340,1340,Cash on Delivery,161357.01,2025-09-08
1341,1341,Credit Card,174268.94,2024-04-08
1342,1342,Net Banking,24392.22,2024-07-19
1343,1343,Wallet,2278.23,2024-02-16
1344,1344,Cash on Delivery,225962.79,2025-04-27
1345,1345,Credit Card,478479.57,2024-12-07
1346,1346,UPI,299862.88,2025-07-29
1347,1347,Credit Card,381551.43,2024-04-15
1348,1348,Wallet,647145.71,2024-08-24
1349,1349,Wallet,399474.67,2024-07-28
1350,1350,Credit Card,740693.15,2026-01-26
1351,1351,Net Banking,188057.11,2025-07-15
1352,1352,Credit Card,305191.8,2024-08-14
1353,1353,Debit Card,312693.32,2025-01-14
1354,1354,Net Banking,679309.79,2024-01-12
1355,1355,UPI,145672.14,2024-05-03
1356,1356,Credit Card,144373.6,2025-08-25
1357,1357,Debit Card,242722.74,2024-08-02
1358,1358,Net Banking,407653.43,2024-08-30
1359,1359,Net Banking,491442.74,2026-04-04
1360,1360,Credit Card,113441.36,2025-07-03
1361,1361,UPI,225405.26,2026-02-18
1362,1362,Credit Card,884715.45,2025-12-06
1363,1363,Credit Card,183223.19,2025-11-04
1364,1364,UPI,214893.12,2024-01-07
1365,1365,UPI,91583.61,2026-04-16
1366,1366,Cash on Delivery,529461.51,2025-02-25
1367,1367,Debit Card,92051.52,2024-03-31
1368,1368,Net Banking,784000.88,2026-08-05
1369,1369,Wallet,426460.8,2025-03-13
1370,1370,Cash on Delivery,405341.24,2024-12-31
1371,1371,Cash on Delivery,888859.3,2025-12-13
1372,1372,Debit Card,42062.84,2024-04-09
1373,1373,Cash on Delivery,433476.72,2024-01-22
1374,1374,UPI,91136.01,2024-06-25
1375,1375,Debit Card,392589.9,2026-01-25
1376,1376,Credit Card,86671.78,2024-07-19
1377,1377,Credit Card,1027293.28,2024-05-15
1378,1378,Wallet,710004.01,2025-11-08
1379,1379,Debit Card,638265.76,2024-05-17
1380,1380,Credit Card,315226.12,2026-07-23
1381,1381,Debit Card,181037.4,2025-10-04
1382,1382,Net Banking,300848.01,2024-11-02
1383,1383,Net Banking,204799.6,2024-06-06
1384,1384,UPI,257092.12,2026-07-11
1385,1385,UPI,79779.54,2024-01-08
1386,1386,Cash on Delivery,976474.93,2025-06-29
1387,1387,Cash on Delivery,440971.35,2026-07-03
1388,1388,Wallet,586632.67,2026-02-21
1389,1389,UPI,185620.92,2024-06-06
1390,1390,Debit Card,193666.62,2024-08-22
1391,1391,Net Banking,338292.0,2024-09-29
1392,1392,Cash on Delivery,455437.96,2025-07-22
1393,1393,Credit Card,582628.94,2026-08-30
1394,1394,Net Banking,27338.35,2026-07-09
1395,1395,Wallet,12587.51,2024-12-03
1396,1396,Cash on Delivery,383955.61,2026-04-28
1397,1397,UPI,17475.54,2025-11-07
1398,1398,Wallet,846216.26,2025-04-04
1399,1399,Credit Card,342363.41,2026-05-06
1400,1400,UPI,40626.8,2024-11-19
1401,1401,Credit Card,243626.9,2026-08-06
1402,1402,Debit Card,43224.46,2026-05-05
1403,1403,UPI,293999.5,2024-10-29
1404,1404,Credit Card,867885.72,2025-04-21
1405,1405,Wallet,209114.62,2025-08-18
1406,1406,Net Banking,207625.66,2024-05-09
1407,1407,Debit Card,75446.4,2026-01-24
1408,1408,Wallet,233768.72,2026-05-27
1409,1409,Credit Card,22027.12,2025-02-08
1410,1410,Credit Card,454247.61,2025-12-30
1411,1411,Cash on Delivery,219447.34,2024-02-24
1412,1412,Cash on Delivery,572960.24,2026-06-15
1413,1413,Debit Card,857597.94,2024-09-03
1414,1414,Net Banking,345363.5,2026-05-28
1415,1415,Wallet,845379.9,2024-03-16
1416,1416,Cash on Delivery,241892.65,2024-03-26
1417,1417,Debit Card,1220389.04,2024-04-05
1418,1418,Cash on Delivery,152561.38,2025-07-16
1419,1419,Wallet,268454.8,2024-02-15
1420,1420,Cash on Delivery,265339.2,2026-05-08
1421,1421,Net Banking,560389.57,2026-03-19
1422,1422,Wallet,15116.67,2024-04-01
1423,1423,Net Banking,168471.7,2025-03-28
1424,1424,UPI,580695.33,2025-10-11
1425,1425,Wallet,446273.9,2026-02-17
1426,1426,Net Banking,470259.87,2025-11-28
1427,1427,UPI,78094.19,2024-12-11
1428,1428,Net Banking,248179.82,2024-01-12
1429,1429,UPI,258213.88,2025-11-11
1430,1430,UPI,618201.65,2026-04-09
1431,1431,Net Banking,653774.49,2024-11-26
1432,1432,Debit Card,149574.76,2026-04-07
1433,1433,Net Banking,641325.44,2024-03-25
1434,1434,UPI,247957.32,2026-04-04
1435,1435,Debit Card,324275.1,2026-07-04
1436,1436,Credit Card,271703.78,2024-02-28
1437,1437,Credit Card,507265.07,2025-09-11
1438,1438,Net Banking,366706.43,2024-12-27
1439,1439,UPI,14043.22,2024-04-27
1440,1440,UPI,69987.44,2025-10-23
1441,1441,Debit Card,728035.83,2024-09-24
1442,1442,Wallet,80324.29,2026-04-12
1443,1443,Cash on Delivery,400076.95,2025-08-13
1444,1444,UPI,133527.49,2025-05-17
1445,1445,Wallet,730474.95,2024-03-19
1446,1446,Wallet,246001.56,2026-02-20
1447,1447,Net Banking,213106.54,2026-03-18
1448,1448,Debit Card,441730.02,2025-04-25
1449,1449,Debit Card,268228.79,2025-04-23
1450,1450,Credit Card,50453.72,2024-02-20
1451,1451,Net Banking,171554.82,2026-06-26
1452,1452,Cash on Delivery,216737.34,2025-10-13
1453,1453,Net Banking,261794.29,2026-01-11
1454,1454,UPI,325246.13,2024-06-02
1455,1455,Wallet,210065.65,2024-05-05
1456,1456,Wallet,642923.97,2026-03-27
1457,1457,Wallet,345233.18,2024-11-25
1458,1458,Net Banking,17397.84,2025-01-09
1459,1459,Credit Card,195881.62,2026-03-14
1460,1460,Cash on Delivery,378919.08,2024-02-12
1461,1461,Wallet,74893.9,2025-10-02
1462,1462,Net Banking,987290.57,2024-07-31
1463,1463,Net Banking,173478.08,2026-05-26
1464,1464,Credit Card,333006.3,2025-09-24
1465,1465,UPI,126958.07,2026-03-01
1466,1466,Debit Card,500809.06,2026-08-19
1467,1467,Net Banking,49288.35,2024-07-08
1468,1468,Wallet,708580.74,2024-10-01
1469,1469,Net Banking,803402.3,2024-05-05
1470,1470,Debit Card,463559.7,2026-05-04
1471,1471,UPI,342398.76,2025-07-23
1472,1472,Wallet,543498.2,2024-01-06
1473,1473,Debit Card,98784.8,2024-09-21
1474,1474,Debit Card,84275.36,2024-06-30
1475,1475,Debit Card,610317.78,2025-05-25
1476,1476,Cash on Delivery,364985.79,2025-06-12
1477,1477,Net Banking,202970.16,2026-02-21
1478,1478,Net Banking,74294.4,2024-03-06
1479,1479,UPI,203153.05,2024-06-07
1480,1480,Cash on Delivery,99452.12,2025-12-14
1481,1481,Credit Card,1205777.63,2024-10-29
1482,1482,Debit Card,161293.61,2025-08-08
1483,1483,Cash on Delivery,514382.12,2026-01-18
1484,1484,Wallet,335836.19,2024-06-11
1485,1485,Net Banking,622121.38,2025-03-05
1486,1486,Debit Card,513615.74,2025-01-12
1487,1487,UPI,328693.07,2025-06-25
1488,1488,Debit Card,141329.59,2024-11-13
1489,1489,Credit Card,126608.78,2024-03-25
1490,1490,Net Banking,388665.0,2026-04-21
1491,1491,Cash on Delivery,349046.66,2025-10-08
1492,1492,Debit Card,326377.27,2026-08-26
1493,1493,Credit Card,64757.6,2024-10-24
1494,1494,Wallet,253759.79,2024-07-10
1495,1495,UPI,377550.19,2026-01-08
1496,1496,Debit Card,440841.01,2025-07-10
1497,1497,UPI,618698.6,2024-07-15
1498,1498,Wallet,162666.16,2026-01-16
1499,1499,Wallet,28971.06,2025-04-26
1500,1500,Cash on Delivery,443433.56,2026-03-22
1501,1501,Cash on Delivery,875355.43,2025-06-09
1502,1502,Cash on Delivery,57093.33,2025-06-27
1503,1503,Net Banking,569679.39,2024-01-24
1504,1504,Credit Card,214086.74,2024-04-21
1505,1505,Net Banking,124934.85,2025-12-15
1506,1506,Credit Card,317887.66,2026-04-30
1507,1507,Wallet,763018.1,2026-01-12
1508,1508,Debit Card,536001.09,2025-09-16
1509,1509,Wallet,295863.7,2025-11-20
1510,1510,Cash on Delivery,357338.9,2024-10-23
1511,1511,Credit Card,363196.44,2026-05-23
1512,1512,UPI,318650.3,2026-07-27
1513,1513,Wallet,87380.4,2026-02-22
1514,1514,Credit Card,83705.35,2026-04-28
1515,1515,Credit Card,454103.99,2024-11-18
1516,1516,Credit Card,149756.02,2025-02-08
1517,1517,Wallet,504832.19,2024-05-24
1518,1518,Credit Card,731893.37,2024-04-06
1519,1519,Cash on Delivery,239391.65,2025-06-22
1520,1520,Cash on Delivery,12045.66,2026-03-17
1521,1521,Cash on Delivery,438758.28,2025-09-13
1522,1522,Credit Card,429409.44,2025-08-30
1523,1523,UPI,180069.66,2024-07-21
1524,1524,Debit Card,281359.99,2025-02-18
1525,1525,Cash on Delivery,299984.78,2024-02-10
1526,1526,UPI,582840.1,2024-02-05
1527,1527,UPI,82114.28,2024-03-26
1528,1528,Net Banking,384045.6,2026-02-18
1529,1529,Wallet,41804.74,2024-12-01
1530,1530,UPI,150412.26,2025-04-17
1531,1531,Credit Card,467710.18,2025-02-20
1532,1532,Credit Card,514468.56,2026-06-03
1533,1533,Wallet,215112.9,2024-01-11
1534,1534,Wallet,639698.35,2026-04-20
1535,1535,UPI,338109.27,2024-01-31
1536,1536,Debit Card,513013.73,2026-03-08
1537,1537,Wallet,720279.67,2024-05-10
1538,1538,Debit Card,198418.51,2026-08-04
1539,1539,Cash on Delivery,247503.15,2025-01-21
1540,1540,Debit Card,694337.15,2025-12-20
1541,1541,Debit Card,882689.62,2024-10-17
1542,1542,Net Banking,101206.76,2024-05-02
1543,1543,Net Banking,750536.05,2025-03-01
1544,1544,Net Banking,347580.44,2025-09-27
1545,1545,UPI,1656.63,2025-01-11
1546,1546,Debit Card,643991.81,2024-05-17
1547,1547,Wallet,87525.45,2024-11-14
1548,1548,Debit Card,831399.18,2024-05-06
1549,1549,UPI,318800.13,2026-03-01
1550,1550,Wallet,515902.75,2025-07-06
1551,1551,Net Banking,8492.17,2025-02-10
1552,1552,Wallet,604468.17,2026-05-08
1553,1553,Wallet,286179.48,2026-02-13
1554,1554,Net Banking,651764.01,2024-06-23
1555,1555,Net Banking,571984.43,2026-08-22
1556,1556,UPI,146338.77,2025-06-01
1557,1557,Debit Card,357186.86,2025-04-07
1558,1558,Debit Card,872891.93,2025-03-04
1559,1559,Net Banking,755611.83,2026-08-14
1560,1560,Cash on Delivery,145084.38,2026-05-27
1561,1561,Cash on Delivery,674118.79,2025-06-16
1562,1562,Credit Card,447693.7,2026-02-04
1563,1563,Cash on Delivery,563229.63,2025-10-07
1564,1564,UPI,448759.46,2024-12-11
1565,1565,UPI,588839.25,2025-02-08
1566,1566,Net Banking,484655.19,2026-03-20
1567,1567,Wallet,201234.51,2025-12-11
1568,1568,Wallet,860302.61,2024-05-11
1569,1569,Debit Card,1044345.79,2024-01-19
1570,1570,Debit Card,439028.53,2024-07-16
1571,1571,Net Banking,705242.41,2025-06-16
1572,1572,Wallet,534500.25,2025-02-03
1573,1573,Net Banking,118780.63,2024-03-31
1574,1574,Net Banking,325389.14,2024-01-28
1575,1575,Wallet,614462.42,2025-04-11
1576,1576,Net Banking,101645.55,2026-02-02
1577,1577,Net Banking,312567.24,2024-06-28
1578,1578,Debit Card,434633.67,2026-07-08
1579,1579,Net Banking,114302.56,2026-04-17
1580,1580,Wallet,453571.72,2024-07-06
1581,1581,Net Banking,727498.04,2025-05-12
1582,1582,Net Banking,755735.57,2025-03-10
1583,1583,Net Banking,329228.46,2026-07-13
1584,1584,Debit Card,561231.87,2025-06-21
1585,1585,Net Banking,158736.84,2026-02-06
1586,1586,Net Banking,353358.93,2024-09-04
1587,1587,UPI,453414.37,2024-01-06
1588,1588,Cash on Delivery,270926.18,2026-03-09
1589,1589,Debit Card,384697.94,2024-08-31
1590,1590,Credit Card,79794.41,2026-07-23
1591,1591,UPI,186814.44,2025-06-25
1592,1592,Cash on Delivery,235903.15,2024-08-05
1593,1593,Wallet,203849.8,2025-09-21
1594,1594,Wallet,179593.03,2024-04-14
1595,1595,Debit Card,910042.71,2025-12-08
1596,1596,Wallet,995052.68,2026-04-21
1597,1597,Credit Card,929952.75,2025-08-01
1598,1598,Cash on Delivery,668902.27,2026-04-02
1599,1599,Net Banking,1010104.13,2024-07-05
1600,1600,Debit Card,266477.48,2025-04-08
1601,1601,Debit Card,665112.62,2026-04-06
1602,1602,Debit Card,147376.02,2025-09-04
1603,1603,Credit Card,56275.06,2026-08-23
1604,1604,UPI,805206.98,2025-10-01
1605,1605,Net Banking,221570.66,2026-06-09
1606,1606,Debit Card,185410.76,2026-04-30
1607,1607,UPI,119823.65,2026-02-16
1608,1608,Debit Card,210658.4,2025-11-23
1609,1609,Cash on Delivery,417511.54,2025-04-12
1610,1610,Cash on Delivery,333645.9,2024-10-29
1611,1611,Cash on Delivery,97130.08,2025-01-09
1612,1612,Cash on Delivery,171152.71,2026-09-01
1613,1613,Net Banking,194207.56,2024-12-04
1614,1614,Cash on Delivery,159198.54,2024-01-22
1615,1615,Credit Card,313815.08,2024-11-13
1616,1616,Cash on Delivery,85373.25,2026-05-27
1617,1617,Cash on Delivery,176043.86,2026-06-30
1618,1618,Cash on Delivery,459873.74,2026-05-09
1619,1619,Net Banking,520016.37,2024-08-16
1620,1620,Credit Card,8294.68,2026-03-05
1621,1621,Net Banking,150867.06,2025-07-31
1622,1622,Debit Card,897386.84,2024-02-26
1623,1623,Debit Card,119381.41,2024-01-24
1624,1624,Wallet,500687.51,2024-06-07
1625,1625,Debit Card,599555.36,2025-04-13
1626,1626,Credit Card,252368.09,2026-07-02
1627,1627,Credit Card,48979.24,2024-06-27
1628,1628,UPI,159756.85,2025-07-29
1629,1629,Net Banking,431325.01,2024-08-21
1630,1630,UPI,1061593.93,2024-11-29
1631,1631,Wallet,640714.52,2026-07-18
1632,1632,Wallet,836576.87,2026-07-09
1633,1633,Cash on Delivery,495132.26,2025-11-04
1634,1634,Debit Card,93519.32,2024-01-18
1635,1635,Wallet,208556.32,2026-04-27
1636,1636,UPI,141190.88,2025-02-21
1637,1637,Net Banking,1170203.59,2024-05-25
1638,1638,Cash on Delivery,267710.2,2025-09-16
1639,1639,Credit Card,499515.38,2025-07-16
1640,1640,Cash on Delivery,418353.64,2024-05-30
1641,1641,Cash on Delivery,248085.26,2025-01-02
1642,1642,Net Banking,357902.85,2025-03-20
1643,1643,Wallet,675593.72,2026-03-13
1644,1644,Credit Card,420712.52,2025-01-22
1645,1645,Wallet,129504.45,2024-03-15
1646,1646,Cash on Delivery,137463.94,2024-01-16
1647,1647,Net Banking,425271.58,2025-03-12
1648,1648,Wallet,145731.36,2025-12-03
1649,1649,Debit Card,770924.87,2024-07-13
1650,1650,UPI,184571.73,2025-08-08
1651,1651,UPI,468122.15,2026-02-07
1652,1652,Net Banking,34210.32,2024-07-15
1653,1653,Net Banking,344116.26,2025-07-08
1654,1654,Credit Card,670734.57,2026-03-26
1655,1655,Debit Card,363845.25,2025-06-05
1656,1656,Net Banking,732960.1,2024-02-11
1657,1657,Net Banking,112615.34,2024-06-17
1658,1658,Credit Card,390264.29,2024-01-02
1659,1659,Cash on Delivery,446565.14,2025-06-10
1660,1660,UPI,46195.92,2026-07-18
1661,1661,Credit Card,33680.26,2024-02-26
1662,1662,Credit Card,747433.5,2025-01-31
1663,1663,UPI,255266.89,2024-03-24
1664,1664,Debit Card,305174.61,2025-09-18
1665,1665,Credit Card,366396.34,2026-04-23
1666,1666,UPI,295621.64,2026-08-26
1667,1667,Credit Card,325548.36,2024-02-27
1668,1668,UPI,237584.25,2024-03-23
1669,1669,Cash on Delivery,19416.96,2024-03-15
1670,1670,Wallet,178388.29,2024-02-25
1671,1671,Credit Card,502731.86,2024-06-30
1672,1672,Cash on Delivery,893080.06,2024-07-19
1673,1673,Credit Card,553766.28,2025-03-29
1674,1674,Credit Card,188886.7,2024-05-27
1675,1675,UPI,68765.04,2024-08-13
1676,1676,UPI,409377.4,2024-01-18
1677,1677,UPI,456047.72,2025-03-29
1678,1678,UPI,86138.18,2024-06-15
1679,1679,Cash on Delivery,363800.95,2025-04-04
1680,1680,Debit Card,754828.45,2025-02-16
1681,1681,Wallet,393935.17,2025-11-18
1682,1682,UPI,467416.58,2024-12-18
1683,1683,Net Banking,840795.87,2024-04-04
1684,1684,Debit Card,294632.43,2026-01-12
1685,1685,Debit Card,53602.83,2026-08-02
1686,1686,Cash on Delivery,717288.0,2024-06-13
1687,1687,Cash on Delivery,507189.42,2025-09-08
1688,1688,Debit Card,852241.1,2024-09-26
1689,1689,Debit Card,526998.16,2025-06-20
1690,1690,Cash on Delivery,188170.22,2024-03-09
1691,1691,Net Banking,185541.65,2024-07-26
1692,1692,Debit Card,217798.29,2026-08-17
1693,1693,Debit Card,229136.07,2024-11-17
1694,1694,Credit Card,421762.97,2024-06-24
1695,1695,Wallet,403919.66,2025-02-14
1696,1696,Debit Card,151578.84,2026-08-07
1697,1697,Debit Card,571280.05,2024-07-28
1698,1698,Credit Card,565795.65,2026-07-18
1699,1699,Cash on Delivery,89626.18,2024-03-21
1700,1700,Net Banking,457989.07,2025-01-23
1701,1701,UPI,296686.81,2025-03-08
1702,1702,Debit Card,312834.68,2025-11-16
1703,1703,UPI,282788.57,2025-05-22
1704,1704,Debit Card,11442.34,2024-12-19
1705,1705,Credit Card,296590.65,2024-08-11
1706,1706,Net Banking,767286.85,2025-11-14
1707,1707,Cash on Delivery,377570.33,2024-09-27
1708,1708,Net Banking,20507.7,2024-06-21
1709,1709,Debit Card,461447.7,2024-02-18
1710,1710,Debit Card,820245.72,2024-10-28
1711,1711,Net Banking,351363.78,2026-04-17
1712,1712,Wallet,112542.22,2024-10-18
1713,1713,Cash on Delivery,311825.07,2025-04-07
1714,1714,Credit Card,338244.27,2026-05-01
1715,1715,Debit Card,917936.35,2025-07-01
1716,1716,UPI,249344.26,2026-07-15
1717,1717,Net Banking,285477.0,2025-05-26
1718,1718,Cash on Delivery,118703.2,2026-07-26
1719,1719,Cash on Delivery,619647.67,2026-05-03
1720,1720,Credit Card,634229.36,2026-06-18
1721,1721,Wallet,27872.81,2025-08-26
1722,1722,Cash on Delivery,333796.58,2024-04-14
1723,1723,Net Banking,87896.17,2025-06-15
1724,1724,Wallet,509842.67,2024-06-24
1725,1725,UPI,366867.26,2026-01-22
1726,1726,Wallet,37110.44,2026-01-18
1727,1727,Credit Card,345813.14,2024-08-27
1728,1728,Debit Card,12353.19,2026-04-26
1729,1729,Debit Card,540933.8,2025-07-06
1730,1730,Net Banking,207917.02,2026-05-18
1731,1731,Net Banking,251389.02,2025-11-28
1732,1732,Cash on Delivery,61651.2,2024-01-30
1733,1733,Net Banking,170343.92,2026-02-07
1734,1734,Credit Card,586301.51,2024-01-24
1735,1735,Wallet,956353.11,2025-08-25
1736,1736,Credit Card,238981.16,2025-03-14
1737,1737,Cash on Delivery,279691.71,2024-05-01
1738,1738,Wallet,104640.47,2024-03-03
1739,1739,Cash on Delivery,129647.36,2025-05-23
1740,1740,Debit Card,275599.56,2025-06-14
1741,1741,Wallet,120106.68,2026-05-30
1742,1742,Wallet,566601.0,2026-02-21
1743,1743,Cash on Delivery,466215.17,2024-05-27
1744,1744,Net Banking,80810.18,2024-06-24
1745,1745,Wallet,182219.02,2024-12-23
1746,1746,Debit Card,464315.16,2024-03-29
1747,1747,UPI,419619.44,2026-06-13
1748,1748,Net Banking,468323.57,2026-03-06
1749,1749,Wallet,130603.04,2026-08-17
1750,1750,Cash on Delivery,124635.48,2025-02-18
1751,1751,Credit Card,346337.21,2024-03-15
1752,1752,Debit Card,92846.91,2026-08-17
1753,1753,Wallet,384715.52,2024-05-22
1754,1754,Net Banking,47761.08,2025-04-12
1755,1755,UPI,543931.99,2024-02-10
1756,1756,Wallet,726932.79,2026-03-02
1757,1757,UPI,803373.36,2025-03-16
1758,1758,Cash on Delivery,280310.04,2024-10-22
1759,1759,Cash on Delivery,787418.77,2024-01-17
1760,1760,Wallet,352973.51,2026-07-02
1761,1761,Cash on Delivery,203228.93,2024-12-04
1762,1762,UPI,392218.88,2025-09-11
1763,1763,Wallet,823865.83,2025-11-09
1764,1764,Net Banking,330134.01,2026-01-06
1765,1765,Credit Card,881296.49,2024-09-13
1766,1766,Debit Card,100925.53,2025-10-25
1767,1767,Net Banking,185204.64,2025-09-12
1768,1768,Cash on Delivery,269471.85,2025-09-16
1769,1769,Debit Card,489579.6,2024-03-08
1770,1770,Wallet,233320.6,2024-12-21
1771,1771,Net Banking,887189.78,2025-06-03
1772,1772,Net Banking,553129.08,2026-02-08
1773,1773,Wallet,729762.42,2025-11-01
1774,1774,Credit Card,980776.87,2026-08-03
1775,1775,Cash on Delivery,570156.54,2025-07-11
1776,1776,Credit Card,708589.43,2025-05-04
1777,1777,Net Banking,230451.94,2025-11-03
1778,1778,Wallet,484279.86,2025-09-22
1779,1779,Cash on Delivery,365811.78,2026-03-09
1780,1780,Debit Card,68543.01,2024-03-06
1781,1781,Credit Card,133499.11,2025-04-17
1782,1782,Net Banking,707438.38,2025-05-19
1783,1783,Cash on Delivery,491109.89,2026-05-27
1784,1784,Debit Card,66288.42,2025-03-22
1785,1785,UPI,1299694.5,2026-05-15
1786,1786,Net Banking,241840.55,2024-05-12
1787,1787,Cash on Delivery,535472.09,2024-07-19
1788,1788,Net Banking,534376.36,2024-02-09
1789,1789,Credit Card,730867.06,2024-11-21
1790,1790,Net Banking,789893.75,2025-02-12
1791,1791,Net Banking,299279.87,2025-10-02
1792,1792,Cash on Delivery,183921.76,2024-02-23
1793,1793,Wallet,337938.01,2024-01-31
1794,1794,Cash on Delivery,482132.05,2025-01-04
1795,1795,UPI,559017.05,2025-01-25
1796,1796,UPI,462163.54,2025-12-03
1797,1797,UPI,145041.94,2024-02-01
1798,1798,Credit Card,88141.63,2024-10-13
1799,1799,Wallet,203393.7,2026-03-08
1800,1800,Net Banking,735472.65,2025-01-18
1801,1801,UPI,186327.02,2026-08-14
1802,1802,Cash on Delivery,1509401.85,2025-08-30
1803,1803,UPI,115345.26,2024-12-27
1804,1804,Wallet,397565.5,2024-10-28
1805,1805,Cash on Delivery,396158.63,2025-10-11
1806,1806,Debit Card,196688.56,2025-06-29
1807,1807,Wallet,221422.28,2024-10-02
1808,1808,Wallet,409872.8,2026-06-06
1809,1809,Wallet,412448.16,2024-07-18
1810,1810,Credit Card,372003.93,2026-08-03
1811,1811,UPI,533861.03,2024-12-14
1812,1812,Credit Card,515731.94,2024-03-22
1813,1813,Cash on Delivery,258759.19,2024-12-01
1814,1814,Wallet,274891.71,2024-12-11
1815,1815,Net Banking,170395.24,2025-05-09
1816,1816,Credit Card,742133.46,2024-12-17
1817,1817,UPI,639761.69,2025-08-12
1818,1818,Credit Card,602917.43,2025-08-26
1819,1819,UPI,254156.24,2024-08-15
1820,1820,Debit Card,716964.98,2026-03-11
1821,1821,Wallet,621504.25,2024-08-16
1822,1822,UPI,506614.76,2025-05-31
1823,1823,Cash on Delivery,244504.05,2025-02-04
1824,1824,UPI,301400.83,2026-09-01
1825,1825,Wallet,148177.19,2024-09-26
1826,1826,Debit Card,454167.45,2026-05-20
1827,1827,Debit Card,88049.8,2025-09-16
1828,1828,Wallet,86343.96,2026-03-02
1829,1829,Net Banking,347743.46,2024-09-24
1830,1830,Credit Card,119459.53,2024-11-09
1831,1831,Debit Card,319210.84,2026-06-17
1832,1832,Wallet,97202.8,2026-04-24
1833,1833,Debit Card,1083706.68,2026-05-02
1834,1834,Net Banking,229821.38,2025-09-05
1835,1835,Wallet,771123.62,2024-07-22
1836,1836,Credit Card,626848.71,2024-12-07
1837,1837,Credit Card,463750.15,2026-03-23
1838,1838,UPI,186686.51,2025-01-07
1839,1839,UPI,165710.38,2024-03-31
1840,1840,Net Banking,61015.26,2024-04-20
1841,1841,Debit Card,710764.71,2024-07-26
1842,1842,Net Banking,684419.57,2024-06-26
1843,1843,Net Banking,322504.43,2024-08-07
1844,1844,Credit Card,394023.3,2026-01-15
1845,1845,Wallet,742870.94,2024-04-09
1846,1846,Credit Card,197842.61,2025-04-03
1847,1847,Cash on Delivery,110239.19,2024-01-17
1848,1848,Credit Card,347719.55,2026-05-16
1849,1849,Wallet,32992.25,2025-10-20
1850,1850,Debit Card,329536.0,2026-08-31
1851,1851,UPI,577854.45,2024-02-06
1852,1852,Cash on Delivery,364840.36,2025-04-12
1853,1853,Credit Card,94531.92,2026-08-28
1854,1854,Debit Card,192356.04,2025-08-28
1855,1855,Credit Card,597288.25,2024-03-02
1856,1856,Wallet,333251.6,2024-05-14
1857,1857,Credit Card,23086.9,2024-10-05
1858,1858,Net Banking,708128.81,2026-05-14
1859,1859,Credit Card,791854.44,2026-05-27
1860,1860,Debit Card,142945.95,2024-06-15
1861,1861,Credit Card,291618.53,2024-12-04
1862,1862,Wallet,208433.73,2026-04-08
1863,1863,Cash on Delivery,474569.88,2024-02-29
1864,1864,UPI,444945.18,2026-03-02
1865,1865,Debit Card,394492.52,2026-03-22
1866,1866,UPI,579015.92,2025-03-28
1867,1867,Credit Card,445582.31,2024-06-20
1868,1868,UPI,597355.15,2024-12-11
1869,1869,Wallet,304695.86,2026-07-03
1870,1870,Net Banking,815853.97,2025-10-09
1871,1871,Debit Card,92026.84,2025-03-08
1872,1872,Debit Card,360011.65,2026-06-06
1873,1873,Cash on Delivery,128634.53,2026-05-11
1874,1874,Cash on Delivery,334412.7,2025-05-29
1875,1875,Debit Card,616777.76,2025-09-21
1876,1876,UPI,1036677.22,2024-03-25
1877,1877,Wallet,393384.53,2024-12-06
1878,1878,Debit Card,702092.99,2026-05-21
1879,1879,Credit Card,114789.13,2024-02-13
1880,1880,UPI,71496.6,2025-01-16
1881,1881,Credit Card,423637.84,2025-10-24
1882,1882,Debit Card,266844.05,2024-08-30
1883,1883,Cash on Delivery,161068.94,2026-04-25
1884,1884,Debit Card,531986.46,2024-04-28
1885,1885,Credit Card,500647.83,2024-11-20
1886,1886,Debit Card,485039.82,2024-11-27
1887,1887,UPI,734022.67,2025-06-18
1888,1888,Net Banking,462902.51,2025-03-11
1889,1889,Debit Card,210601.32,2025-11-29
1890,1890,Debit Card,485540.05,2024-10-18
1891,1891,UPI,505604.25,2025-09-23
1892,1892,Wallet,155541.5,2025-09-26
1893,1893,Cash on Delivery,625486.21,2024-05-27
1894,1894,Credit Card,727414.21,2025-12-07
1895,1895,Wallet,423744.27,2025-03-09
1896,1896,Credit Card,414022.39,2026-03-18
1897,1897,Credit Card,605903.41,2024-10-26
1898,1898,Cash on Delivery,922644.76,2026-02-03
1899,1899,UPI,130679.77,2026-05-16
1900,1900,Cash on Delivery,386726.37,2025-12-21
1901,1901,Wallet,752509.27,2024-10-21
1902,1902,Cash on Delivery,674836.33,2024-03-12
1903,1903,Cash on Delivery,544317.25,2026-04-13
1904,1904,Net Banking,440230.39,2026-04-07
1905,1905,UPI,259406.2,2024-05-16
1906,1906,Credit Card,53674.39,2024-05-09
1907,1907,Debit Card,233219.95,2026-06-18
1908,1908,Debit Card,297146.74,2025-10-03
1909,1909,UPI,304495.29,2024-03-01
1910,1910,Debit Card,475115.01,2026-06-25
1911,1911,Credit Card,213279.56,2025-03-01
1912,1912,UPI,728843.28,2024-07-27
1913,1913,UPI,630963.29,2024-12-19
1914,1914,Cash on Delivery,154221.44,2026-02-24
1915,1915,UPI,305148.34,2025-12-24
1916,1916,Net Banking,238705.63,2024-06-30
1917,1917,Net Banking,230335.62,2024-12-24
1918,1918,UPI,570363.16,2024-09-23
1919,1919,Wallet,91862.15,2025-07-29
1920,1920,Cash on Delivery,453629.17,2024-05-18
1921,1921,Credit Card,412723.31,2025-08-07
1922,1922,Credit Card,228917.3,2024-05-25
1923,1923,Wallet,63139.41,2026-04-16
1924,1924,Debit Card,735853.98,2026-01-29
1925,1925,Wallet,461448.01,2025-11-04
1926,1926,Wallet,472468.0,2024-04-14
1927,1927,Credit Card,449944.05,2026-06-08
1928,1928,Credit Card,562068.74,2024-05-03
1929,1929,Net Banking,114158.6,2024-03-05
1930,1930,Net Banking,422844.68,2024-07-22
1931,1931,Wallet,602675.22,2026-01-15
1932,1932,Wallet,431757.18,2025-11-02
1933,1933,Credit Card,256308.56,2026-05-07
1934,1934,Net Banking,163666.12,2024-07-05
1935,1935,Net Banking,23909.8,2025-08-03
1936,1936,Debit Card,466349.53,2026-01-28
1937,1937,Debit Card,55406.62,2024-04-13
1938,1938,Debit Card,71539.96,2024-11-30
1939,1939,Net Banking,733340.68,2024-03-18
1940,1940,Net Banking,390192.83,2025-07-20
1941,1941,UPI,430433.22,2026-07-07
1942,1942,Net Banking,666031.45,2025-01-07
1943,1943,Credit Card,474136.76,2026-03-19
1944,1944,Net Banking,222947.82,2025-07-07
1945,1945,Debit Card,482706.66,2026-08-20
1946,1946,Net Banking,271183.46,2024-05-05
1947,1947,Credit Card,21074.05,2025-04-19
1948,1948,Debit Card,744588.69,2025-05-19
1949,1949,Debit Card,502606.46,2025-02-06
1950,1950,Debit Card,461439.31,2024-01-21
1951,1951,Cash on Delivery,174629.38,2026-06-05
1952,1952,UPI,724229.1,2026-03-04
1953,1953,Debit Card,419973.07,2026-01-12
1954,1954,Net Banking,241016.7,2025-04-02
1955,1955,UPI,405725.19,2026-05-31
1956,1956,Credit Card,355162.12,2024-07-10
1957,1957,Net Banking,337729.5,2024-03-12
1958,1958,Net Banking,138018.85,2024-09-09
1959,1959,Net Banking,966610.63,2025-04-24
1960,1960,UPI,687394.24,2025-05-24
1961,1961,Debit Card,42368.58,2025-05-17
1962,1962,Wallet,330544.24,2024-11-30
1963,1963,Credit Card,86397.48,2025-07-25
1964,1964,Cash on Delivery,925882.51,2024-09-05
1965,1965,Credit Card,136465.65,2026-04-11
1966,1966,Cash on Delivery,7085.52,2024-04-10
1967,1967,Wallet,260175.52,2025-02-10
1968,1968,Credit Card,82165.9,2026-06-02
1969,1969,Cash on Delivery,472123.83,2024-06-26
1970,1970,Debit Card,43781.98,2024-09-28
1971,1971,Credit Card,388469.88,2025-09-13
1972,1972,Net Banking,255059.3,2026-06-25
1973,1973,Wallet,120634.89,2025-06-02
1974,1974,UPI,138300.28,2024-12-23
1975,1975,Credit Card,219544.14,2026-01-27
1976,1976,UPI,82706.64,2025-01-16
1977,1977,Debit Card,343271.79,2024-07-08
1978,1978,UPI,576870.91,2025-02-07
1979,1979,Wallet,583664.48,2026-05-07
1980,1980,UPI,57364.04,2026-04-13
1981,1981,Credit Card,107134.02,2024-01-18
1982,1982,Debit Card,674369.84,2024-08-29
1983,1983,Credit Card,248248.79,2024-03-24
1984,1984,Wallet,399849.67,2026-03-24
1985,1985,Credit Card,832136.28,2025-04-16
1986,1986,Cash on Delivery,445697.62,2026-06-11
1987,1987,UPI,172304.11,2026-06-11
1988,1988,Net Banking,207394.69,2026-08-08
1989,1989,Credit Card,319238.68,2026-03-08
1990,1990,Net Banking,28061.6,2024-06-20
1991,1991,Cash on Delivery,438816.66,2026-08-22
1992,1992,Wallet,114473.28,2025-11-10
1993,1993,Cash on Delivery,776777.08,2024-07-22
1994,1994,Cash on Delivery,321319.11,2026-06-07
1995,1995,Wallet,629109.27,2024-02-28
1996,1996,Debit Card,693388.06,2026-07-22
1997,1997,Cash on Delivery,532103.24,2025-04-26
1998,1998,Credit Card,713549.52,2025-08-30
1999,1999,Debit Card,78340.04,2024-04-27
2000,2000,Net Banking,116966.38,2025-10-10
