seller_id,seller_name,city
1,Seller 0001,Jaipur
2,Seller 0002,Kolkata
3,Seller 0003,Kolkata
4,Seller 0004,Kochi
5,Seller 0005,Coimbatore
6,Seller 0006,Kochi
7,Seller 0007,Chennai
8,Seller 0008,Kolkata
9,Seller 0009,Kochi
10,Seller 0010,Chennai
11,Seller 0011,Kozhikode
12,Seller 0012,Ahmedabad
13,Seller 0013,Thiruvananthapuram
14,Seller 0014,Kozhikode
15,Seller 0015,Mumbai
16,Seller 0016,Kolkata
17,Seller 0017,Kochi
18,Seller 0018,Kozhikode
19,Seller 0019,Kollam
20,Seller 0020,Hyderabad
21,Seller 0021,Jaipur
22,Seller 0022,Kochi
23,Seller 0023,Thiruvananthapuram
24,Seller 0024,Coimbatore
25,Seller 0025,Chennai
26,Seller 0026,Hyderabad
27,Seller 0027,Kozhikode
28,Seller 0028,Delhi
29,Seller 0029,Ahmedabad
30,Seller 0030,Mumbai
31,Seller 0031,Hyderabad
32,Seller 0032,Kozhikode
33,Seller 0033,Kolkata
34,Seller 0034,Jaipur
35,Seller 0035,Mumbai
36,Seller 0036,Chennai
37,Seller 0037,Chennai
38,Seller 0038,Thiruvananthapuram
39,Seller 0039,Thrissur
40,Seller 0040,Kochi
41,Seller 0041,Chennai
42,Seller 0042,Thrissur
43,Seller 0043,Kolkata
44,Seller 0044,Coimbatore
45,Seller 0045,Coimbatore
46,Seller 0046,Delhi
47,Seller 0047,Thrissur
48,Seller 0048,Mumbai
49,Seller 0049,Bengaluru
50,Seller 0050,Pune
51,Seller 0051,Coimbatore
52,Seller 0052,Bengaluru
53,Seller 0053,Pune
54,Seller 0054,Delhi
55,Seller 0055,Kozhikode
56,Seller 0056,Kozhikode
57,Seller 0057,Thrissur
58,Seller 0058,Mumbai
59,Seller 0059,Delhi
60,Seller 0060,Kollam
61,Seller 0061,Ahmedabad
62,Seller 0062,Pune
63,Seller 0063,Kolkata
64,Seller 0064,Bengaluru
65,Seller 0065,Mumbai
66,Seller 0066,Pune
67,Seller 0067,Thrissur
68,Seller 0068,Hyderabad
69,Seller 0069,Hyderabad
70,Seller 0070,Kollam
71,Seller 0071,Coimbatore
72,Seller 0072,Bengaluru
73,Seller 0073,Coimbatore
74,Seller 0074,Kolkata
75,Seller 0075,Kolkata
76,Seller 0076,Jaipur
77,Seller 0077,Coimbatore
78,Seller 0078,Kozhikode
79,Seller 0079,Kozhikode
80,Seller 0080,Mumbai
81,Seller 0081,Kolkata
82,Seller 0082,Jaipur
83,Seller 0083,Hyderabad
84,Seller 0084,Thiruvananthapuram
85,Seller 0085,Bengaluru
86,Seller 0086,Chennai
87,Seller 0087,Kozhikode
88,Seller 0088,Kozhikode
89,Seller 0089,Hyderabad
90,Seller 0090,Kochi
91,Seller 0091,Thiruvananthapuram
92,Seller 0092,Thrissur
93,Seller 0093,Kolkata
94,Seller 0094,Kollam
95,Seller 0095,Kollam
96,Seller 0096,Kolkata
97,Seller 0097,Kochi
98,Seller 0098,Mumbai
99,Seller 0099,Hyderabad
100,Seller 0100,Bengaluru
101,Seller 0101,Kochi
102,Seller 0102,Thiruvananthapuram
103,Seller 0103,Pune
104,Seller 0104,Hyderabad
105,Seller 0105,Pune
106,Seller 0106,Kozhikode
107,Seller 0107,Kochi
108,Seller 0108,Bengaluru
109,Seller 0109,Delhi
110,Seller 0110,Mumbai
111,Seller 0111,Coimbatore
112,Seller 0112,Kollam
113,Seller 0113,Bengaluru
114,Seller 0114,Delhi
115,Seller 0115,Thiruvananthapuram
116,Seller 0116,Coimbatore
117,Seller 0117,Kollam
118,Seller 0118,Thrissur
119,Seller 0119,Thrissur
120,Seller 0120,Jaipur
121,Seller 0121,Coimbatore
122,Seller 0122,Jaipur
123,Seller 0123,Chennai
124,Seller 0124,Pune
125,Seller 0125,Kolkata
126,Seller 0126,Thrissur
127,Seller 0127,Bengaluru
128,Seller 0128,Pune
129,Seller 0129,Ahmedabad
130,Seller 0130,Chennai
131,Seller 0131,Coimbatore
132,Seller 0132,Thrissur
133,Seller 0133,Mumbai
134,Seller 0134,Mumbai
135,Seller 0135,Delhi
136,Seller 0136,Delhi
137,Seller 0137,Kollam
138,Seller 0138,Kochi
139,Seller 0139,Pune
140,Seller 0140,Kozhikode
141,Seller 0141,Kochi
142,Seller 0142,Kolkata
143,Seller 0143,Kollam
144,Seller 0144,Thrissur
145,Seller 0145,Kozhikode
146,Seller 0146,Thrissur
147,Seller 0147,Pune
148,Seller 0148,Kochi
149,Seller 0149,Kozhikode
150,Seller 0150,Ahmedabad
151,Seller 0151,Mumbai
152,Seller 0152,Pune
153,Seller 0153,Delhi
154,Seller 0154,Ahmedabad
155,Seller 0155,Chennai
156,Seller 0156,Bengaluru
157,Seller 0157,Pune
158,Seller 0158,Ahmedabad
159,Seller 0159,Jaipur
160,Seller 0160,Pune
161,Seller 0161,Pune
162,Seller 0162,Thrissur
163,Seller 0163,Ahmedabad
164,Seller 0164,Kolkata
165,Seller 0165,Jaipur
166,Seller 0166,Pune
167,Seller 0167,Delhi
168,Seller 0168,Coimbatore
169,Seller 0169,Hyderabad
170,Seller 0170,Kollam
171,Seller 0171,Kozhikode
172,Seller 0172,Thiruvananthapuram
173,Seller 0173,Ahmedabad
174,Seller 0174,Kollam
175,Seller 0175,Kollam
176,Seller 0176,Kochi
177,Seller 0177,Coimbatore
178,Seller 0178,Ahmedabad
179,Seller 0179,Pune
180,Seller 0180,Kozhikode
181,Seller 0181,Kozhikode
182,Seller 0182,Kozhikode
183,Seller 0183,Hyderabad
184,Seller 0184,Jaipur
185,Seller 0185,Thiruvananthapuram
186,Seller 0186,Bengaluru
187,Seller 0187,Kochi
188,Seller 0188,Coimbatore
189,Seller 0189,Thiruvananthapuram
190,Seller 0190,Kozhikode
191,Seller 0191,Mumbai
192,Seller 0192,Ahmedabad
193,Seller 0193,Hyderabad
194,Seller 0194,Chennai
195,Seller 0195,Delhi
196,Seller 0196,Hyderabad
197,Seller 0197,Bengaluru
198,Seller 0198,Thrissur
199,Seller 0199,Mumbai
200,Seller 0200,Ahmedabad
201,Seller 0201,Kochi
202,Seller 0202,Kollam
203,Seller 0203,Mumbai
204,Seller 0204,Chennai
205,Seller 0205,Chennai
206,Seller 0206,Ahmedabad
207,Seller 0207,Chennai
208,Seller 0208,Kolkata
209,Seller 0209,Hyderabad
210,Seller 0210,Bengaluru
211,Seller 0211,Thrissur
212,Seller 0212,Jaipur
213,Seller 0213,Mumbai
214,Seller 0214,Bengaluru
215,Seller 0215,Mumbai
216,Seller 0216,Kochi
217,Seller 0217,Coimbatore
218,Seller 0218,Pune
219,Seller 0219,Jaipur
220,Seller 0220,Kollam
221,Seller 0221,Kozhikode
222,Seller 0222,Delhi
223,Seller 0223,Jaipur
224,Seller 0224,Thrissur
225,Seller 0225,Kolkata
226,Seller 0226,Kozhikode
227,Seller 0227,Jaipur
228,Seller 0228,Chennai
229,Seller 0229,Mumbai
230,Seller 0230,Hyderabad
231,Seller 0231,Hyderabad
232,Seller 0232,Kolkata
233,Seller 0233,Ahmedabad
234,Seller 0234,Thrissur
235,Seller 0235,Delhi
236,Seller 0236,Kochi
237,Seller 0237,Mumbai
238,Seller 0238,Coimbatore
239,Seller 0239,Chennai
240,Seller 0240,Delhi
241,Seller 0241,Bengaluru
242,Seller 0242,Kozhikode
243,Seller 0243,Thiruvananthapuram
244,Seller 0244,Jaipur
245,Seller 0245,Bengaluru
246,Seller 0246,Jaipur
247,Seller 0247,Hyderabad
248,Seller 0248,Ahmedabad
249,Seller 0249,Delhi
250,Seller 0250,Bengaluru
251,Seller 0251,Kolkata
252,Seller 0252,Chennai
253,Seller 0253,Kollam
254,Seller 0254,Pune
255,Seller 0255,Mumbai
256,Seller 0256,Coimbatore
257,Seller 0257,Coimbatore
258,Seller 0258,Kollam
259,Seller 0259,Chennai
260,Seller 0260,Bengaluru
261,Seller 0261,Kozhikode
262,Seller 0262,Coimbatore
263,Seller 0263,Kolkata
264,Seller 0264,Thiruvananthapuram
265,Seller 0265,Kollam
266,Seller 0266,Hyderabad
267,Seller 0267,Bengaluru
268,Seller 0268,Mumbai
269,Seller 0269,Kollam
270,Seller 0270,Thiruvananthapuram
271,Seller 0271,Pune
272,Seller 0272,Thrissur
273,Seller 0273,Bengaluru
274,Seller 0274,Kochi
275,Seller 0275,Coimbatore
276,Seller 0276,Bengaluru
277,Seller 0277,Coimbatore
278,Seller 0278,Thrissur
279,Seller 0279,Mumbai
280,Seller 0280,Coimbatore
281,Seller 0281,Thiruvananthapuram
282,Seller 0282,Pune
283,Seller 0283,Thrissur
284,Seller 0284,Thiruvananthapuram
285,Seller 0285,Delhi
286,Seller 0286,Thrissur
287,Seller 0287,Delhi
288,Seller 0288,Hyderabad
289,Seller 0289,Chennai
290,Seller 0290,Thiruvananthapuram
291,Seller 0291,Kolkata
292,Seller 0292,Kolkata
293,Seller 0293,Thrissur
294,Seller 0294,Thrissur
295,Seller 0295,Delhi
296,Seller 0296,Thiruvananthapuram
297,Seller 0297,Pune
298,Seller 0298,Jaipur
299,Seller 0299,Thiruvananthapuram
300,Seller 0300,Jaipur
301,Seller 0301,Kolkata
302,Seller 0302,Coimbatore
303,Seller 0303,Hyderabad
304,Seller 0304,Pune
305,Seller 0305,Delhi
306,Seller 0306,Hyderabad
307,Seller 0307,Hyderabad
308,Seller 0308,Kozhikode
309,Seller 0309,Hyderabad
310,Seller 0310,Kolkata
311,Seller 0311,Jaipur
312,Seller 0312,Delhi
313,Seller 0313,Ahmedabad
314,Seller 0314,Mumbai
315,Seller 0315,Ahmedabad
316,Seller 0316,Kochi
317,Seller 0317,Thiruvananthapuram
318,Seller 0318,Bengaluru
319,Seller 0319,Thiruvananthapuram
320,Seller 0320,Pune
321,Seller 0321,Coimbatore
322,Seller 0322,Kolkata
323,Seller 0323,Kozhikode
324,Seller 0324,Kolkata
325,Seller 0325,Kolkata
326,Seller 0326,Kozhikode
327,Seller 0327,Jaipur
328,Seller 0328,Jaipur
329,Seller 0329,Kozhikode
330,Seller 0330,Kochi
331,Seller 0331,Chennai
332,Seller 0332,Jaipur
333,Seller 0333,Jaipur
334,Seller 0334,Kochi
335,Seller 0335,Thiruvananthapuram
336,Seller 0336,Hyderabad
337,Seller 0337,Delhi
338,Seller 0338,Kolkata
339,Seller 0339,Thiruvananthapuram
340,Seller 0340,Bengaluru
341,Seller 0341,Kochi
342,Seller 0342,Jaipur
343,Seller 0343,Mumbai
344,Seller 0344,Thrissur
345,Seller 0345,Jaipur
346,Seller 0346,Kollam
347,Seller 0347,Delhi
348,Seller 0348,Pune
349,Seller 0349,Kolkata
350,Seller 0350,Thiruvananthapuram
351,Seller 0351,Bengaluru
352,Seller 0352,Jaipur
353,Seller 0353,Delhi
354,Seller 0354,Jaipur
355,Seller 0355,Coimbatore
356,Seller 0356,Bengaluru
357,Seller 0357,Coimbatore
358,Seller 0358,Kolkata
359,Seller 0359,Kozhikode
360,Seller 0360,Coimbatore
361,Seller 0361,Pune
362,Seller 0362,Kolkata
363,Seller 0363,Bengaluru
364,Seller 0364,Mumbai
365,Seller 0365,Thiruvananthapuram
366,Seller 0366,Delhi
367,Seller 0367,Chennai
368,Seller 0368,Chennai
369,Seller 0369,Jaipur
370,Seller 0370,Delhi
371,Seller 0371,Delhi
372,Seller 0372,Thiruvananthapuram
373,Seller 0373,Kochi
374,Seller 0374,Kollam
375,Seller 0375,Jaipur
376,Seller 0376,Ahmedabad
377,Seller 0377,Mumbai
378,Seller 0378,Kozhikode
379,Seller 0379,Kolkata
380,Seller 0380,Thrissur
381,Seller 0381,Kochi
382,Seller 0382,Kozhikode
383,Seller 0383,Hyderabad
384,Seller 0384,Thiruvananthapuram
385,Seller 0385,Thrissur
386,Seller 0386,Pune
387,Seller 0387,Kollam
388,Seller 0388,Kolkata
389,Seller 0389,Mumbai
390,Seller 0390,Chennai
391,Seller 0391,Kozhikode
392,Seller 0392,Delhi
393,Seller 0393,Kolkata
394,Seller 0394,Jaipur
395,Seller 0395,Jaipur
396,Seller 0396,Thiruvananthapuram
397,Seller 0397,Thrissur
398,Seller 0398,Thrissur
399,Seller 0399,Mumbai
400,Seller 0400,Bengaluru
401,Seller 0401,Kochi
402,Seller 0402,Bengaluru
403,Seller 0403,Hyderabad
404,Seller 0404,Pune
405,Seller 0405,Jaipur
406,Seller 0406,Kolkata
407,Seller 0407,Kochi
408,Seller 0408,Pune
409,Seller 0409,Coimbatore
410,Seller 0410,Hyderabad
411,Seller 0411,Kochi
412,Seller 0412,Kochi
413,Seller 0413,Coimbatore
414,Seller 0414,Kochi
415,Seller 0415,Kozhikode
416,Seller 0416,Kolkata
417,Seller 0417,Kochi
418,Seller 0418,Kozhikode
419,Seller 0419,Bengaluru
420,Seller 0420,Pune
421,Seller 0421,Delhi
422,Seller 0422,Thiruvananthapuram
423,Seller 0423,Ahmedabad
424,Seller 0424,Kozhikode
425,Seller 0425,Ahmedabad
426,Seller 0426,Thiruvananthapuram
427,Seller 0427,Kollam
428,Seller 0428,Delhi
429,Seller 0429,Bengaluru
430,Seller 0430,Hyderabad
431,Seller 0431,Kochi
432,Seller 0432,Coimbatore
433,Seller 0433,Kolkata
434,Seller 0434,Kollam
435,Seller 0435,Thrissur
436,Seller 0436,Jaipur
437,Seller 0437,Delhi
438,Seller 0438,Delhi
439,Seller 0439,Coimbatore
440,Seller 0440,Jaipur
441,Seller 0441,Kollam
442,Seller 0442,Kolkata
443,Seller 0443,Ahmedabad
444,Seller 0444,Kolkata
445,Seller 0445,Kozhikode
446,Seller 0446,Thrissur
447,Seller 0447,Thiruvananthapuram
448,Seller 0448,Chennai
449,Seller 0449,Kolkata
450,Seller 0450,Thrissur
451,Seller 0451,Kozhikode
452,Seller 0452,Thrissur
453,Seller 0453,Kozhikode
454,Seller 0454,Pune
455,Seller 0455,Bengaluru
456,Seller 0456,Chennai
457,Seller 0457,Kollam
458,Seller 0458,Jaipur
459,Seller 0459,Kollam
460,Seller 0460,Thrissur
461,Seller 0461,Coimbatore
462,Seller 0462,Kollam
463,Seller 0463,Kozhikode
464,Seller 0464,Thrissur
465,Seller 0465,Thrissur
466,Seller 0466,Kolkata
467,Seller 0467,Hyderabad
468,Seller 0468,Thrissur
469,Seller 0469,Kochi
470,Seller 0470,Hyderabad
471,Seller 0471,Bengaluru
472,Seller 0472,Pune
473,Seller 0473,Bengaluru
474,Seller 0474,Bengaluru
475,Seller 0475,Ahmedabad
476,Seller 0476,Delhi
477,Seller 0477,Mumbai
478,Seller 0478,Hyderabad
479,Seller 0479,Jaipur
480,Seller 0480,Delhi
481,Seller 0481,Delhi
482,Seller 0482,Jaipur
483,Seller 0483,Kozhikode
484,Seller 0484,Thiruvananthapuram
485,Seller 0485,Jaipur
486,Seller 0486,Pune
487,Seller 0487,Chennai
488,Seller 0488,Kozhikode
489,Seller 0489,Mumbai
490,Seller 0490,Pune
491,Seller 0491,Kollam
492,Seller 0492,Kolkata
493,Seller 0493,Chennai
494,Seller 0494,Bengaluru
495,Seller 0495,Delhi
496,Seller 0496,Ahmedabad
497,Seller 0497,Delhi
498,Seller 0498,Ahmedabad
499,Seller 0499,Thrissur
500,Seller 0500,Kollam
501,Seller 0501,Bengaluru
502,Seller 0502,Kolkata
503,Seller 0503,Mumbai
504,Seller 0504,Mumbai
505,Seller 0505,Jaipur
506,Seller 0506,Kolkata
507,Seller 0507,Ahmedabad
508,Seller 0508,Thrissur
509,Seller 0509,Kochi
510,Seller 0510,Mumbai
511,Seller 0511,Ahmedabad
512,Seller 0512,Kollam
513,Seller 0513,Thrissur
514,Seller 0514,Kollam
515,Seller 0515,Hyderabad
516,Seller 0516,Thrissur
517,Seller 0517,Thiruvananthapuram
518,Seller 0518,Coimbatore
519,Seller 0519,Kochi
520,Seller 0520,Mumbai
521,Seller 0521,Delhi
522,Seller 0522,Delhi
523,Seller 0523,Kozhikode
524,Seller 0524,Hyderabad
525,Seller 0525,Kozhikode
526,Seller 0526,Hyderabad
527,Seller 0527,Pune
528,Seller 0528,Bengaluru
529,Seller 0529,Bengaluru
530,Seller 0530,Pune
531,Seller 0531,Chennai
532,Seller 0532,Delhi
533,Seller 0533,Pune
534,Seller 0534,Coimbatore
535,Seller 0535,Thiruvananthapuram
536,Seller 0536,Bengaluru
537,Seller 0537,Kolkata
538,Seller 0538,Kochi
539,Seller 0539,Delhi
540,Seller 0540,Bengaluru
541,Seller 0541,Jaipur
542,Seller 0542,Coimbatore
543,Seller 0543,Thiruvananthapuram
544,Seller 0544,Kozhikode
545,Seller 0545,Chennai
546,Seller 0546,Hyderabad
547,Seller 0547,Bengaluru
548,Seller 0548,Bengaluru
549,Seller 0549,Delhi
550,Seller 0550,Coimbatore
551,Seller 0551,Kochi
552,Seller 0552,Kozhikode
553,Seller 0553,Coimbatore
554,Seller 0554,Bengaluru
555,Seller 0555,Thrissur
556,Seller 0556,Kozhikode
557,Seller 0557,Hyderabad
558,Seller 0558,Mumbai
559,Seller 0559,Kozhikode
560,Seller 0560,Ahmedabad
561,Seller 0561,Thiruvananthapuram
562,Seller 0562,Hyderabad
563,Seller 0563,Ahmedabad
564,Seller 0564,Pune
565,Seller 0565,Hyderabad
566,Seller 0566,Pune
567,Seller 0567,Pune
568,Seller 0568,Kolkata
569,Seller 0569,Chennai
570,Seller 0570,Kolkata
571,Seller 0571,Chennai
572,Seller 0572,Hyderabad
573,Seller 0573,Jaipur
574,Seller 0574,Kollam
575,Seller 0575,Thrissur
576,Seller 0576,Kolkata
577,Seller 0577,Bengaluru
578,Seller 0578,Pune
579,Seller 0579,Bengaluru
580,Seller 0580,Hyderabad
581,Seller 0581,Delhi
582,Seller 0582,Chennai
583,Seller 0583,Thrissur
584,Seller 0584,Thiruvananthapuram
585,Seller 0585,Coimbatore
586,Seller 0586,Coimbatore
587,Seller 0587,Kollam
588,Seller 0588,Ahmedabad
589,Seller 0589,Coimbatore
590,Seller 0590,Coimbatore
591,Seller 0591,Coimbatore
592,Seller 0592,Mumbai
593,Seller 0593,Kochi
594,Seller 0594,Chennai
595,Seller 0595,Chennai
596,Seller 0596,Ahmedabad
597,Seller 0597,Thrissur
598,Seller 0598,Pune
599,Seller 0599,Chennai
600,Seller 0600,Pune
601,Seller 0601,Thiruvananthapuram
602,Seller 0602,Kozhikode
603,Seller 0603,Mumbai
604,Seller 0604,Kozhikode
605,Seller 0605,Coimbatore
606,Seller 0606,Thrissur
607,Seller 0607,Coimbatore
608,Seller 0608,Pune
609,Seller 0609,Kolkata
610,Seller 0610,Mumbai
611,Seller 0611,Kollam
612,Seller 0612,Pune
613,Seller 0613,Ahmedabad
614,Seller 0614,Kozhikode
615,Seller 0615,Kozhikode
616,Seller 0616,Delhi
617,Seller 0617,Bengaluru
618,Seller 0618,Ahmedabad
619,Seller 0619,Thiruvananthapuram
620,Seller 0620,Kochi
621,Seller 0621,Thrissur
622,Seller 0622,Ahmedabad
623,Seller 0623,Ahmedabad
624,Seller 0624,Kozhikode
625,Seller 0625,Ahmedabad
626,Seller 0626,Bengaluru
627,Seller 0627,Hyderabad
628,Seller 0628,Chennai
629,Seller 0629,Kozhikode
630,Seller 0630,Hyderabad
631,Seller 0631,Thiruvananthapuram
632,Seller 0632,Delhi
633,Seller 0633,Kozhikode
634,Seller 0634,Kollam
635,Seller 0635,Coimbatore
636,Seller 0636,Kozhikode
637,Seller 0637,Thrissur
638,Seller 0638,Thrissur
639,Seller 0639,Kochi
640,Seller 0640,Kozhikode
641,Seller 0641,Kollam
642,Seller 0642,Jaipur
643,Seller 0643,Kollam
644,Seller 0644,Chennai
645,Seller 0645,Kochi
646,Seller 0646,Kolkata
647,Seller 0647,Kollam
648,Seller 0648,Kozhikode
649,Seller 0649,Delhi
650,Seller 0650,Mumbai
651,Seller 0651,Jaipur
652,Seller 0652,Ahmedabad
653,Seller 0653,Bengaluru
654,Seller 0654,Thiruvananthapuram
655,Seller 0655,Hyderabad
656,Seller 0656,Kozhikode
657,Seller 0657,Bengaluru
658,Seller 0658,Kochi
659,Seller 0659,Hyderabad
660,Seller 0660,Mumbai
661,Seller 0661,Delhi
662,Seller 0662,Chennai
663,Seller 0663,Kolkata
664,Seller 0664,Kollam
665,Seller 0665,Coimbatore
666,Seller 0666,Hyderabad
667,Seller 0667,Delhi
668,Seller 0668,Chennai
669,Seller 0669,Jaipur
670,Seller 0670,Hyderabad
671,Seller 0671,Kolkata
672,Seller 0672,Kollam
673,Seller 0673,Ahmedabad
674,Seller 0674,Coimbatore
675,Seller 0675,Kochi
676,Seller 0676,Chennai
677,Seller 0677,Kozhikode
678,Seller 0678,Bengaluru
679,Seller 0679,Ahmedabad
680,Seller 0680,Coimbatore
681,Seller 0681,Kozhikode
682,Seller 0682,Chennai
683,Seller 0683,Ahmedabad
684,Seller 0684,Bengaluru
685,Seller 0685,Coimbatore
686,Seller 0686,Thrissur
687,Seller 0687,Jaipur
688,Seller 0688,Delhi
689,Seller 0689,Kolkata
690,Seller 0690,Jaipur
691,Seller 0691,Chennai
692,Seller 0692,Pune
693,Seller 0693,Chennai
694,Seller 0694,Mumbai
695,Seller 0695,Kochi
696,Seller 0696,Bengaluru
697,Seller 0697,Hyderabad
698,Seller 0698,Delhi
699,Seller 0699,Kolkata
700,Seller 0700,Pune
701,Seller 0701,Thiruvananthapuram
702,Seller 0702,Kollam
703,Seller 0703,Coimbatore
704,Seller 0704,Pune
705,Seller 0705,Kozhikode
706,Seller 0706,Ahmedabad
707,Seller 0707,Kollam
708,Seller 0708,Bengaluru
709,Seller 0709,Bengaluru
710,Seller 0710,Bengaluru
711,Seller 0711,Mumbai
712,Seller 0712,Jaipur
713,Seller 0713,Thiruvananthapuram
714,Seller 0714,Pune
715,Seller 0715,Pune
716,Seller 0716,Ahmedabad
717,Seller 0717,Chennai
718,Seller 0718,Coimbatore
719,Seller 0719,Kochi
720,Seller 0720,Delhi
721,Seller 0721,Kollam
722,Seller 0722,Kozhikode
723,Seller 0723,Hyderabad
724,Seller 0724,Kollam
725,Seller 0725,Thiruvananthapuram
726,Seller 0726,Kollam
727,Seller 0727,Thrissur
728,Seller 0728,Chennai
729,Seller 0729,Kochi
730,Seller 0730,Bengaluru
731,Seller 0731,Chennai
732,Seller 0732,Delhi
733,Seller 0733,Kozhikode
734,Seller 0734,Chennai
735,Seller 0735,Kozhikode
736,Seller 0736,Thrissur
737,Seller 0737,Thrissur
738,Seller 0738,Chennai
739,Seller 0739,Delhi
740,Seller 0740,Jaipur
741,Seller 0741,Hyderabad
742,Seller 0742,Thiruvananthapuram
743,Seller 0743,Thrissur
744,Seller 0744,Chennai
745,Seller 0745,Kozhikode
746,Seller 0746,Kozhikode
747,Seller 0747,Chennai
748,Seller 0748,Delhi
749,Seller 0749,Mumbai
750,Seller 0750,Jaipur
751,Seller 0751,Kochi
752,Seller 0752,Hyderabad
753,Seller 0753,Ahmedabad
754,Seller 0754,Kochi
755,Seller 0755,Bengaluru
756,Seller 0756,Delhi
757,Seller 0757,Kolkata
758,Seller 0758,Kochi
759,Seller 0759,Delhi
760,Seller 0760,Jaipur
761,Seller 0761,Chennai
762,Seller 0762,Ahmedabad
763,Seller 0763,Ahmedabad
764,Seller 0764,Thiruvananthapuram
765,Seller 0765,Kozhikode
766,Seller 0766,Bengaluru
767,Seller 0767,Kozhikode
768,Seller 0768,Pune
769,Seller 0769,Mumbai
770,Seller 0770,Chennai
771,Seller 0771,Delhi
772,Seller 0772,Hyderabad
773,Seller 0773,Thiruvananthapuram
774,Seller 0774,Hyderabad
775,Seller 0775,Delhi
776,Seller 0776,Delhi
777,Seller 0777,Chennai
778,Seller 0778,Chennai
779,Seller 0779,Ahmedabad
780,Seller 0780,Thiruvananthapuram
781,Seller 0781,Thrissur
782,Seller 0782,Chennai
783,Seller 0783,Thrissur
784,Seller 0784,Kolkata
785,Seller 0785,Delhi
786,Seller 0786,Kochi
787,Seller 0787,Pune
788,Seller 0788,Ahmedabad
789,Seller 0789,Ahmedabad
790,Seller 0790,Coimbatore
791,Seller 0791,Hyderabad
792,Seller 0792,Mumbai
793,Seller 0793,Bengaluru
794,Seller 0794,Ahmedabad
795,Seller 0795,Hyderabad
796,Seller 0796,Kolkata
797,Seller 0797,Bengaluru
798,Seller 0798,Jaipur
799,Seller 0799,Mumbai
800,Seller 0800,Bengaluru
801,Seller 0801,Kochi
802,Seller 0802,Ahmedabad
803,Seller 0803,Kozhikode
804,Seller 0804,Chennai
805,Seller 0805,Mumbai
806,Seller 0806,Ahmedabad
807,Seller 0807,Chennai
808,Seller 0808,Jaipur
809,Seller 0809,Delhi
810,Seller 0810,Kochi
811,Seller 0811,Kozhikode
812,Seller 0812,Thiruvananthapuram
813,Seller 0813,Bengaluru
814,Seller 0814,Coimbatore
815,Seller 0815,Kolkata
816,Seller 0816,Pune
817,Seller 0817,Thrissur
818,Seller 0818,Kollam
819,Seller 0819,Mumbai
820,Seller 0820,Jaipur
821,Seller 0821,Pune
822,Seller 0822,Kolkata
823,Seller 0823,Jaipur
824,Seller 0824,Hyderabad
825,Seller 0825,Chennai
826,Seller 0826,Thiruvananthapuram
827,Seller 0827,Hyderabad
828,Seller 0828,Thrissur
829,Seller 0829,Thiruvananthapuram
830,Seller 0830,Kochi
831,Seller 0831,Jaipur
832,Seller 0832,Hyderabad
833,Seller 0833,Hyderabad
834,Seller 0834,Bengaluru
835,Seller 0835,Thiruvananthapuram
836,Seller 0836,Coimbatore
837,Seller 0837,Pune
838,Seller 0838,Delhi
839,Seller 0839,Bengaluru
840,Seller 0840,Thrissur
841,Seller 0841,Chennai
842,Seller 0842,Bengaluru
843,Seller 0843,Delhi
844,Seller 0844,Thrissur
845,Seller 0845,Ahmedabad
846,Seller 0846,Jaipur
847,Seller 0847,Thiruvananthapuram
848,Seller 0848,Mumbai
849,Seller 0849,Thrissur
850,Seller 0850,Kozhikode
851,Seller 0851,Thrissur
852,Seller 0852,Bengaluru
853,Seller 0853,Chennai
854,Seller 0854,Thiruvananthapuram
855,Seller 0855,Hyderabad
856,Seller 0856,Bengaluru
857,Seller 0857,Thrissur
858,Seller 0858,Delhi
859,Seller 0859,Thiruvananthapuram
860,Seller 0860,Pune
861,Seller 0861,Kochi
862,Seller 0862,Bengaluru
863,Seller 0863,Kolkata
864,Seller 0864,Thiruvananthapuram
865,Seller 0865,Mumbai
866,Seller 0866,Kolkata
867,Seller 0867,Chennai
868,Seller 0868,Kollam
869,Seller 0869,Kozhikode
870,Seller 0870,Kochi
871,Seller 0871,Mumbai
872,Seller 0872,Kochi
873,Seller 0873,Kozhikode
874,Seller 0874,Kolkata
875,Seller 0875,Kozhikode
876,Seller 0876,Delhi
877,Seller 0877,Hyderabad
878,Seller 0878,Chennai
879,Seller 0879,Coimbatore
880,Seller 0880,Thrissur
881,Seller 0881,Bengaluru
882,Seller 0882,Hyderabad
883,Seller 0883,Kolkata
884,Seller 0884,Pune
885,Seller 0885,Kollam
886,Seller 0886,Coimbatore
887,Seller 0887,Jaipur
888,Seller 0888,Coimbatore
889,Seller 0889,Jaipur
890,Seller 0890,Coimbatore
891,Seller 0891,Kolkata
892,Seller 0892,Jaipur
893,Seller 0893,Mumbai
894,Seller 0894,Pune
895,Seller 0895,Hyderabad
896,Seller 0896,Thiruvananthapuram
897,Seller 0897,Kochi
898,Seller 0898,Bengaluru
899,Seller 0899,Bengaluru
900,Seller 0900,Thiruvananthapuram
901,Seller 0901,Kozhikode
902,Seller 0902,Pune
903,Seller 0903,Kolkata
904,Seller 0904,Delhi
905,Seller 0905,Ahmedabad
906,Seller 0906,Coimbatore
907,Seller 0907,Kochi
908,Seller 0908,Chennai
909,Seller 0909,Mumbai
910,Seller 0910,Kolkata
911,Seller 0911,Kochi
912,Seller 0912,Bengaluru
913,Seller 0913,Coimbatore
914,Seller 0914,Delhi
915,Seller 0915,Kolkata
916,Seller 0916,Thrissur
917,Seller 0917,Chennai
918,Seller 0918,Chennai
919,Seller 0919,Thiruvananthapuram
920,Seller 0920,Kozhikode
921,Seller 0921,Kolkata
922,Seller 0922,Thrissur
923,Seller 0923,Kolkata
924,Seller 0924,Delhi
925,Seller 0925,Kolkata
926,Seller 0926,Coimbatore
927,Seller 0927,Kochi
928,Seller 0928,Jaipur
929,Seller 0929,Coimbatore
930,Seller 0930,Chennai
931,Seller 0931,Kochi
932,Seller 0932,Ahmedabad
933,Seller 0933,Kollam
934,Seller 0934,Pune
935,Seller 0935,Thrissur
936,Seller 0936,Thrissur
937,Seller 0937,Pune
938,Seller 0938,Mumbai
939,Seller 0939,Mumbai
940,Seller 0940,Jaipur
941,Seller 0941,Ahmedabad
942,Seller 0942,Kollam
943,Seller 0943,Kolkata
944,Seller 0944,Ahmedabad
945,Seller 0945,Thiruvananthapuram
946,Seller 0946,Bengaluru
947,Seller 0947,Pune
948,Seller 0948,Hyderabad
949,Seller 0949,Kollam
950,Seller 0950,Ahmedabad
951,Seller 0951,Coimbatore
952,Seller 0952,Chennai
953,Seller 0953,Thrissur
954,Seller 0954,Kolkata
955,Seller 0955,Kolkata
956,Seller 0956,Ahmedabad
957,Seller 0957,Kozhikode
958,Seller 0958,Thrissur
959,Seller 0959,Mumbai
960,Seller 0960,Delhi
961,Seller 0961,Thiruvananthapuram
962,Seller 0962,Pune
963,Seller 0963,Chennai
964,Seller 0964,Coimbatore
965,Seller 0965,Kozhikode
966,Seller 0966,Delhi
967,Seller 0967,Thrissur
968,Seller 0968,Thrissur
969,Seller 0969,Thiruvananthapuram
970,Seller 0970,Chennai
971,Seller 0971,Kollam
972,Seller 0972,Thiruvananthapuram
973,Seller 0973,Ahmedabad
974,Seller 0974,Chennai
975,Seller 0975,Delhi
976,Seller 0976,Kozhikode
977,Seller 0977,Thrissur
978,Seller 0978,Thrissur
979,Seller 0979,Hyderabad
980,Seller 0980,Pune
981,Seller 0981,Ahmedabad
982,Seller 0982,Delhi
983,Seller 0983,Bengaluru
984,Seller 0984,Kochi
985,Seller 0985,Kollam
986,Seller 0986,Kollam
987,Seller 0987,Thiruvananthapuram
988,Seller 0988,Kolkata
989,Seller 0989,Bengaluru
990,Seller 0990,Kollam
991,Seller 0991,Kochi
992,Seller 0992,Pune
993,Seller 0993,Thrissur
994,Seller 0994,Kolkata
995,Seller 0995,Kolkata
996,Seller 0996,Pune
997,Seller 0997,Jaipur
998,Seller 0998,Hyderabad
999,Seller 0999,Pune
1000,Seller 1000,Chennai
1001,Seller 1001,Delhi
1002,Seller 1002,Pune
1003,Seller 1003,Bengaluru
1004,Seller 1004,Mumbai
1005,Seller 1005,Chennai
1006,Seller 1006,Hyderabad
1007,Seller 1007,Coimbatore
1008,Seller 1008,Mumbai
1009,Seller 1009,Thiruvananthapuram
1010,Seller 1010,Bengaluru
1011,Seller 1011,Bengaluru
1012,Seller 1012,Bengaluru
1013,Seller 1013,Bengaluru
1014,Seller 1014,Jaipur
1015,Seller 1015,Hyderabad
1016,Seller 1016,Kozhikode
1017,Seller 1017,Hyderabad
1018,Seller 1018,Jaipur
1019,Seller 1019,Kolkata
1020,Seller 1020,Hyderabad
1021,Seller 1021,Kollam
1022,Seller 1022,Mumbai
1023,Seller 1023,Kolkata
1024,Seller 1024,Kozhikode
1025,Seller 1025,Delhi
1026,Seller 1026,Chennai
1027,Seller 1027,Thrissur
1028,Seller 1028,Chennai
1029,Seller 1029,Thiruvananthapuram
1030,Seller 1030,Delhi
1031,Seller 1031,Jaipur
1032,Seller 1032,Pune
1033,Seller 1033,Kochi
1034,Seller 1034,Delhi
1035,Seller 1035,Hyderabad
1036,Seller 1036,Mumbai
1037,Seller 1037,Bengaluru
1038,Seller 1038,Kochi
1039,Seller 1039,Kollam
1040,Seller 1040,Kolkata
1041,Seller 1041,Mumbai
1042,Seller 1042,Bengaluru
1043,Seller 1043,Thrissur
1044,Seller 1044,Thrissur
1045,Seller 1045,Ahmedabad
1046,Seller 1046,Bengaluru
1047,Seller 1047,Hyderabad
1048,Seller 1048,Delhi
1049,Seller 1049,Hyderabad
1050,Seller 1050,Thiruvananthapuram
1051,Seller 1051,Kozhikode
1052,Seller 1052,Pune
1053,Seller 1053,Pune
1054,Seller 1054,Kozhikode
1055,Seller 1055,Pune
1056,Seller 1056,Bengaluru
1057,Seller 1057,Pune
1058,Seller 1058,Chennai
1059,Seller 1059,Chennai
1060,Seller 1060,Ahmedabad
1061,Seller 1061,Thiruvananthapuram
1062,Seller 1062,Ahmedabad
1063,Seller 1063,Thrissur
1064,Seller 1064,Mumbai
1065,Seller 1065,Kolkata
1066,Seller 1066,Hyderabad
1067,Seller 1067,Kollam
1068,Seller 1068,Chennai
1069,Seller 1069,Coimbatore
1070,Seller 1070,Mumbai
1071,Seller 1071,Kozhikode
1072,Seller 1072,Chennai
1073,Seller 1073,Pune
1074,Seller 1074,Jaipur
1075,Seller 1075,Kochi
1076,Seller 1076,Kochi
1077,Seller 1077,Chennai
1078,Seller 1078,Kollam
1079,Seller 1079,Kollam
1080,Seller 1080,Kochi
1081,Seller 1081,Pune
1082,Seller 1082,Thrissur
1083,Seller 1083,Kozhikode
1084,Seller 1084,Jaipur
1085,Seller 1085,Kozhikode
1086,Seller 1086,Ahmedabad
1087,Seller 1087,Ahmedabad
1088,Seller 1088,Kolkata
1089,Seller 1089,Chennai
1090,Seller 1090,Mumbai
1091,Seller 1091,Chennai
1092,Seller 1092,Bengaluru
1093,Seller 1093,Ahmedabad
1094,Seller 1094,Kollam
1095,Seller 1095,Chennai
1096,Seller 1096,Coimbatore
1097,Seller 1097,Pune
1098,Seller 1098,Thrissur
1099,Seller 1099,Bengaluru
1100,Seller 1100,Ahmedabad
1101,Seller 1101,Bengaluru
1102,Seller 1102,Delhi
1103,Seller 1103,Kochi
1104,Seller 1104,Delhi
1105,Seller 1105,Coimbatore
1106,Seller 1106,Delhi
1107,Seller 1107,Delhi
1108,Seller 1108,Ahmedabad
1109,Seller 1109,Delhi
1110,Seller 1110,Bengaluru
1111,Seller 1111,Mumbai
1112,Seller 1112,Mumbai
1113,Seller 1113,Mumbai
1114,Seller 1114,Chennai
1115,Seller 1115,Kollam
1116,Seller 1116,Jaipur
1117,Seller 1117,Chennai
1118,Seller 1118,Hyderabad
1119,Seller 1119,Ahmedabad
1120,Seller 1120,Hyderabad
1121,Seller 1121,Thrissur
1122,Seller 1122,Jaipur
1123,Seller 1123,Coimbatore
1124,Seller 1124,Hyderabad
1125,Seller 1125,Kozhikode
1126,Seller 1126,Coimbatore
1127,Seller 1127,Jaipur
1128,Seller 1128,Kozhikode
1129,Seller 1129,Chennai
1130,Seller 1130,Thrissur
1131,Seller 1131,Thiruvananthapuram
1132,Seller 1132,Mumbai
1133,Seller 1133,Jaipur
1134,Seller 1134,Bengaluru
1135,Seller 1135,Ahmedabad
1136,Seller 1136,Hyderabad
1137,Seller 1137,Delhi
1138,Seller 1138,Kozhikode
1139,Seller 1139,Delhi
1140,Seller 1140,Coimbatore
1141,Seller 1141,Kochi
1142,Seller 1142,Chennai
1143,Seller 1143,Pune
1144,Seller 1144,Delhi
1145,Seller 1145,Chennai
1146,Seller 1146,Chennai
1147,Seller 1147,Chennai
1148,Seller 1148,Kollam
1149,Seller 1149,Delhi
1150,Seller 1150,Thiruvananthapuram
1151,Seller 1151,Pune
1152,Seller 1152,Kollam
1153,Seller 1153,Kozhikode
1154,Seller 1154,Pune
1155,Seller 1155,Pune
1156,Seller 1156,Mumbai
1157,Seller 1157,Kochi
1158,Seller 1158,Pune
1159,Seller 1159,Pune
1160,Seller 1160,Kolkata
1161,Seller 1161,Chennai
1162,Seller 1162,Thiruvananthapuram
1163,Seller 1163,Bengaluru
1164,Seller 1164,Pune
1165,Seller 1165,Kollam
1166,Seller 1166,Kozhikode
1167,Seller 1167,Pune
1168,Seller 1168,Delhi
1169,Seller 1169,Hyderabad
1170,Seller 1170,Delhi
1171,Seller 1171,Kochi
1172,Seller 1172,Bengaluru
1173,Seller 1173,Thiruvananthapuram
1174,Seller 1174,Kolkata
1175,Seller 1175,Pune
1176,Seller 1176,Coimbatore
1177,Seller 1177,Ahmedabad
1178,Seller 1178,Delhi
1179,Seller 1179,Chennai
1180,Seller 1180,Mumbai
1181,Seller 1181,Mumbai
1182,Seller 1182,Jaipur
1183,Seller 1183,Kollam
1184,Seller 1184,Jaipur
1185,Seller 1185,Coimbatore
1186,Seller 1186,Kozhikode
1187,Seller 1187,Hyderabad
1188,Seller 1188,Bengaluru
1189,Seller 1189,Kolkata
1190,Seller 1190,Jaipur
1191,Seller 1191,Kollam
1192,Seller 1192,Kozhikode
1193,Seller 1193,Hyderabad
1194,Seller 1194,Coimbatore
1195,Seller 1195,Kolkata
1196,Seller 1196,Coimbatore
1197,Seller 1197,Kollam
1198,Seller 1198,Bengaluru
1199,Seller 1199,Kozhikode
1200,Seller 1200,Thrissur
1201,Seller 1201,Kochi
1202,Seller 1202,Coimbatore
1203,Seller 1203,Thiruvananthapuram
1204,Seller 1204,Kollam
1205,Seller 1205,Pune
1206,Seller 1206,Hyderabad
1207,Seller 1207,Hyderabad
1208,Seller 1208,Kollam
1209,Seller 1209,Delhi
1210,Seller 1210,Pune
1211,Seller 1211,Hyderabad
1212,Seller 1212,Kollam
1213,Seller 1213,Ahmedabad
1214,Seller 1214,Kozhikode
1215,Seller 1215,Hyderabad
1216,Seller 1216,Mumbai
1217,Seller 1217,Delhi
1218,Seller 1218,Kochi
1219,Seller 1219,Ahmedabad
1220,Seller 1220,Pune
1221,Seller 1221,Jaipur
1222,Seller 1222,Bengaluru
1223,Seller 1223,Jaipur
1224,Seller 1224,Coimbatore
1225,Seller 1225,Coimbatore
1226,Seller 1226,Kozhikode
1227,Seller 1227,Kollam
1228,Seller 1228,Hyderabad
1229,Seller 1229,Kolkata
1230,Seller 1230,Kochi
1231,Seller 1231,Thiruvananthapuram
1232,Seller 1232,Kolkata
1233,Seller 1233,Thiruvananthapuram
1234,Seller 1234,Delhi
1235,Seller 1235,Delhi
1236,Seller 1236,Chennai
1237,Seller 1237,Jaipur
1238,Seller 1238,Mumbai
1239,Seller 1239,Hyderabad
1240,Seller 1240,Jaipur
1241,Seller 1241,Chennai
1242,Seller 1242,Kochi
1243,Seller 1243,Ahmedabad
1244,Seller 1244,Chennai
1245,Seller 1245,Thrissur
1246,Seller 1246,Coimbatore
1247,Seller 1247,Kolkata
1248,Seller 1248,Mumbai
1249,Seller 1249,Kochi
1250,Seller 1250,Kolkata
1251,Seller 1251,Ahmedabad
1252,Seller 1252,Pune
1253,Seller 1253,Delhi
1254,Seller 1254,Mumbai
1255,Seller 1255,Kolkata
1256,Seller 1256,Thiruvananthapuram
1257,Seller 1257,Hyderabad
1258,Seller 1258,Hyderabad
1259,Seller 1259,Jaipur
1260,Seller 1260,Kolkata
1261,Seller 1261,Thiruvananthapuram
1262,Seller 1262,Thrissur
1263,Seller 1263,Ahmedabad
1264,Seller 1264,Chennai
1265,Seller 1265,Jaipur
1266,Seller 1266,Jaipur
1267,Seller 1267,Kolkata
1268,Seller 1268,Ahmedabad
1269,Seller 1269,Thiruvananthapuram
1270,Seller 1270,Bengaluru
1271,Seller 1271,Chennai
1272,Seller 1272,Kolkata
1273,Seller 1273,Coimbatore
1274,Seller 1274,Mumbai
1275,Seller 1275,Delhi
1276,Seller 1276,Delhi
1277,Seller 1277,Hyderabad
1278,Seller 1278,Chennai
1279,Seller 1279,Ahmedabad
1280,Seller 1280,Kochi
1281,Seller 1281,Kochi
1282,Seller 1282,Kozhikode
1283,Seller 1283,Jaipur
1284,Seller 1284,Thrissur
1285,Seller 1285,Ahmedabad
1286,Seller 1286,Jaipur
1287,Seller 1287,Pune
1288,Seller 1288,Ahmedabad
1289,Seller 1289,Ahmedabad
1290,Seller 1290,Kochi
1291,Seller 1291,Kolkata
1292,Seller 1292,Kozhikode
1293,Seller 1293,Bengaluru
1294,Seller 1294,Chennai
1295,Seller 1295,Delhi
1296,Seller 1296,Bengaluru
1297,Seller 1297,Kozhikode
1298,Seller 1298,Coimbatore
1299,Seller 1299,Kollam
1300,Seller 1300,Ahmedabad
1301,Seller 1301,Hyderabad
1302,Seller 1302,Kollam
1303,Seller 1303,Thrissur
1304,Seller 1304,Kochi
1305,Seller 1305,Bengaluru
1306,Seller 1306,Delhi
1307,Seller 1307,Kolkata
1308,Seller 1308,Kochi
1309,Seller 1309,Hyderabad
1310,Seller 1310,Coimbatore
1311,Seller 1311,Kolkata
1312,Seller 1312,Hyderabad
1313,Seller 1313,Ahmedabad
1314,Seller 1314,Kollam
1315,Seller 1315,Ahmedabad
1316,Seller 1316,Thrissur
1317,Seller 1317,Bengaluru
1318,Seller 1318,Thrissur
1319,Seller 1319,Kolkata
1320,Seller 1320,Hyderabad
1321,Seller 1321,Bengaluru
1322,Seller 1322,Ahmedabad
1323,Seller 1323,Hyderabad
1324,Seller 1324,Kolkata
1325,Seller 1325,Thrissur
1326,Seller 1326,Pune
1327,Seller 1327,Thrissur
1328,Seller 1328,Pune
1329,Seller 1329,Thiruvananthapuram
1330,Seller 1330,Ahmedabad
1331,Seller 1331,Kozhikode
1332,Seller 1332,Kozhikode
1333,Seller 1333,Mumbai
1334,Seller 1334,Thrissur
1335,Seller 1335,Thiruvananthapuram
1336,Seller 1336,Kollam
1337,Seller 1337,Coimbatore
1338,Seller 1338,Bengaluru
1339,Seller 1339,Pune
1340,Seller 1340,Bengaluru
1341,Seller 1341,Kolkata
1342,Seller 1342,Thrissur
1343,Seller 1343,Thrissur
1344,Seller 1344,Kolkata
1345,Seller 1345,Kozhikode
1346,Seller 1346,Pune
1347,Seller 1347,Delhi
1348,Seller 1348,Thrissur
1349,Seller 1349,Hyderabad
1350,Seller 1350,Kolkata
1351,Seller 1351,Hyderabad
1352,Seller 1352,Delhi
1353,Seller 1353,Thrissur
1354,Seller 1354,Kozhikode
1355,Seller 1355,Kolkata
1356,Seller 1356,Ahmedabad
1357,Seller 1357,Kolkata
1358,Seller 1358,Kozhikode
1359,Seller 1359,Kozhikode
1360,Seller 1360,Pune
1361,Seller 1361,Thrissur
1362,Seller 1362,Jaipur
1363,Seller 1363,Chennai
1364,Seller 1364,Thrissur
1365,Seller 1365,Delhi
1366,Seller 1366,Kollam
1367,Seller 1367,Thiruvananthapuram
1368,Seller 1368,Jaipur
1369,Seller 1369,Kollam
1370,Seller 1370,Pune
1371,Seller 1371,Thrissur
1372,Seller 1372,Kozhikode
1373,Seller 1373,Pune
1374,Seller 1374,Thiruvananthapuram
1375,Seller 1375,Thrissur
1376,Seller 1376,Bengaluru
1377,Seller 1377,Kolkata
1378,Seller 1378,Mumbai
1379,Seller 1379,Kolkata
1380,Seller 1380,Jaipur
1381,Seller 1381,Mumbai
1382,Seller 1382,Chennai
1383,Seller 1383,Hyderabad
1384,Seller 1384,Pune
1385,Seller 1385,Coimbatore
1386,Seller 1386,Kozhikode
1387,Seller 1387,Bengaluru
1388,Seller 1388,Delhi
1389,Seller 1389,Kozhikode
1390,Seller 1390,Pune
1391,Seller 1391,Jaipur
1392,Seller 1392,Mumbai
1393,Seller 1393,Bengaluru
1394,Seller 1394,Mumbai
1395,Seller 1395,Bengaluru
1396,Seller 1396,Chennai
1397,Seller 1397,Jaipur
1398,Seller 1398,Coimbatore
1399,Seller 1399,Hyderabad
1400,Seller 1400,Delhi
1401,Seller 1401,Kozhikode
1402,Seller 1402,Jaipur
1403,Seller 1403,Mumbai
1404,Seller 1404,Hyderabad
1405,Seller 1405,Kozhikode
1406,Seller 1406,Hyderabad
1407,Seller 1407,Coimbatore
1408,Seller 1408,Chennai
1409,Seller 1409,Thiruvananthapuram
1410,Seller 1410,Delhi
1411,Seller 1411,Kochi
1412,Seller 1412,Bengaluru
1413,Seller 1413,Kollam
1414,Seller 1414,Thrissur
1415,Seller 1415,Kollam
1416,Seller 1416,Kollam
1417,Seller 1417,Kozhikode
1418,Seller 1418,Thrissur
1419,Seller 1419,Pune
1420,Seller 1420,Ahmedabad
1421,Seller 1421,Kolkata
1422,Seller 1422,Ahmedabad
1423,Seller 1423,Kochi
1424,Seller 1424,Delhi
1425,Seller 1425,Kollam
1426,Seller 1426,Bengaluru
1427,Seller 1427,Hyderabad
1428,Seller 1428,Hyderabad
1429,Seller 1429,Pune
1430,Seller 1430,Coimbatore
1431,Seller 1431,Delhi
1432,Seller 1432,Coimbatore
1433,Seller 1433,Thiruvananthapuram
1434,Seller 1434,Jaipur
1435,Seller 1435,Kolkata
1436,Seller 1436,Jaipur
1437,Seller 1437,Jaipur
1438,Seller 1438,Ahmedabad
1439,Seller 1439,Ahmedabad
1440,Seller 1440,Mumbai
1441,Seller 1441,Coimbatore
1442,Seller 1442,Kollam
1443,Seller 1443,Kolkata
1444,Seller 1444,Kollam
1445,Seller 1445,Bengaluru
1446,Seller 1446,Delhi
1447,Seller 1447,Thiruvananthapuram
1448,Seller 1448,Chennai
1449,Seller 1449,Delhi
1450,Seller 1450,Kochi
1451,Seller 1451,Bengaluru
1452,Seller 1452,Mumbai
1453,Seller 1453,Kochi
1454,Seller 1454,Thrissur
1455,Seller 1455,Mumbai
1456,Seller 1456,Mumbai
1457,Seller 1457,Jaipur
1458,Seller 1458,Kolkata
1459,Seller 1459,Mumbai
1460,Seller 1460,Jaipur
1461,Seller 1461,Kochi
1462,Seller 1462,Ahmedabad
1463,Seller 1463,Thiruvananthapuram
1464,Seller 1464,Hyderabad
1465,Seller 1465,Pune
1466,Seller 1466,Mumbai
1467,Seller 1467,Kollam
1468,Seller 1468,Kollam
1469,Seller 1469,Thrissur
1470,Seller 1470,Ahmedabad
1471,Seller 1471,Kolkata
1472,Seller 1472,Kozhikode
1473,Seller 1473,Kolkata
1474,Seller 1474,Coimbatore
1475,Seller 1475,Delhi
1476,Seller 1476,Jaipur
1477,Seller 1477,Kollam
1478,Seller 1478,Kollam
1479,Seller 1479,Kolkata
1480,Seller 1480,Kolkata
1481,Seller 1481,Hyderabad
1482,Seller 1482,Kozhikode
1483,Seller 1483,Thiruvananthapuram
1484,Seller 1484,Pune
1485,Seller 1485,Thrissur
1486,Seller 1486,Mumbai
1487,Seller 1487,Thrissur
1488,Seller 1488,Kochi
1489,Seller 1489,Kolkata
1490,Seller 1490,Kollam
1491,Seller 1491,Kolkata
1492,Seller 1492,Jaipur
1493,Seller 1493,Coimbatore
1494,Seller 1494,Kochi
1495,Seller 1495,Coimbatore
1496,Seller 1496,Coimbatore
1497,Seller 1497,Kozhikode
1498,Seller 1498,Mumbai
1499,Seller 1499,Thrissur
1500,Seller 1500,Thiruvananthapuram
1501,Seller 1501,Kollam
1502,Seller 1502,Kollam
1503,Seller 1503,Kollam
1504,Seller 1504,Pune
1505,Seller 1505,Ahmedabad
1506,Seller 1506,Pune
1507,Seller 1507,Hyderabad
1508,Seller 1508,Hyderabad
1509,Seller 1509,Kochi
1510,Seller 1510,Mumbai
1511,Seller 1511,Coimbatore
1512,Seller 1512,Ahmedabad
1513,Seller 1513,Thiruvananthapuram
1514,Seller 1514,Bengaluru
1515,Seller 1515,Ahmedabad
1516,Seller 1516,Delhi
1517,Seller 1517,Kochi
1518,Seller 1518,Kollam
1519,Seller 1519,Hyderabad
1520,Seller 1520,Kochi
1521,Seller 1521,Hyderabad
1522,Seller 1522,Kochi
1523,Seller 1523,Hyderabad
1524,Seller 1524,Kollam
1525,Seller 1525,Kochi
1526,Seller 1526,Mumbai
1527,Seller 1527,Pune
1528,Seller 1528,Kollam
1529,Seller 1529,Pune
1530,Seller 1530,Hyderabad
1531,Seller 1531,Thrissur
1532,Seller 1532,Pune
1533,Seller 1533,Thiruvananthapuram
1534,Seller 1534,Pune
1535,Seller 1535,Chennai
1536,Seller 1536,Jaipur
1537,Seller 1537,Coimbatore
1538,Seller 1538,Kochi
1539,Seller 1539,Kolkata
1540,Seller 1540,Coimbatore
1541,Seller 1541,Hyderabad
1542,Seller 1542,Ahmedabad
1543,Seller 1543,Delhi
1544,Seller 1544,Kollam
1545,Seller 1545,Pune
1546,Seller 1546,Ahmedabad
1547,Seller 1547,Delhi
1548,Seller 1548,Pune
1549,Seller 1549,Ahmedabad
1550,Seller 1550,Hyderabad
1551,Seller 1551,Thiruvananthapuram
1552,Seller 1552,Thrissur
1553,Seller 1553,Ahmedabad
1554,Seller 1554,Chennai
1555,Seller 1555,Pune
1556,Seller 1556,Thrissur
1557,Seller 1557,Hyderabad
1558,Seller 1558,Delhi
1559,Seller 1559,Kozhikode
1560,Seller 1560,Bengaluru
1561,Seller 1561,Mumbai
1562,Seller 1562,Hyderabad
1563,Seller 1563,Mumbai
1564,Seller 1564,Thrissur
1565,Seller 1565,Delhi
1566,Seller 1566,Thrissur
1567,Seller 1567,Thrissur
1568,Seller 1568,Jaipur
1569,Seller 1569,Mumbai
1570,Seller 1570,Kollam
1571,Seller 1571,Bengaluru
1572,Seller 1572,Thrissur
1573,Seller 1573,Delhi
1574,Seller 1574,Mumbai
1575,Seller 1575,Mumbai
1576,Seller 1576,Thrissur
1577,Seller 1577,Delhi
1578,Seller 1578,Hyderabad
1579,Seller 1579,Kochi
1580,Seller 1580,Ahmedabad
1581,Seller 1581,Kozhikode
1582,Seller 1582,Hyderabad
1583,Seller 1583,Thiruvananthapuram
1584,Seller 1584,Bengaluru
1585,Seller 1585,Coimbatore
1586,Seller 1586,Mumbai
1587,Seller 1587,Hyderabad
1588,Seller 1588,Hyderabad
1589,Seller 1589,Kozhikode
1590,Seller 1590,Kozhikode
1591,Seller 1591,Kochi
1592,Seller 1592,Ahmedabad
1593,Seller 1593,Chennai
1594,Seller 1594,Delhi
1595,Seller 1595,Thrissur
1596,Seller 1596,Kochi
1597,Seller 1597,Coimbatore
1598,Seller 1598,Jaipur
1599,Seller 1599,Hyderabad
1600,Seller 1600,Bengaluru
1601,Seller 1601,Delhi
1602,Seller 1602,Delhi
1603,Seller 1603,Mumbai
1604,Seller 1604,Jaipur
1605,Seller 1605,Kozhikode
1606,Seller 1606,Kollam
1607,Seller 1607,Ahmedabad
1608,Seller 1608,Kochi
1609,Seller 1609,Ahmedabad
1610,Seller 1610,Kollam
1611,Seller 1611,Kollam
1612,Seller 1612,Thrissur
1613,Seller 1613,Mumbai
1614,Seller 1614,Thrissur
1615,Seller 1615,Bengaluru
1616,Seller 1616,Ahmedabad
1617,Seller 1617,Mumbai
1618,Seller 1618,Hyderabad
1619,Seller 1619,Kochi
1620,Seller 1620,Delhi
1621,Seller 1621,Thrissur
1622,Seller 1622,Coimbatore
1623,Seller 1623,Pune
1624,Seller 1624,Kollam
1625,Seller 1625,Pune
1626,Seller 1626,Delhi
1627,Seller 1627,Kozhikode
1628,Seller 1628,Bengaluru
1629,Seller 1629,Kozhikode
1630,Seller 1630,Kollam
1631,Seller 1631,Ahmedabad
1632,Seller 1632,Chennai
1633,Seller 1633,Ahmedabad
1634,Seller 1634,Kozhikode
1635,Seller 1635,Jaipur
1636,Seller 1636,Kozhikode
1637,Seller 1637,Pune
1638,Seller 1638,Delhi
1639,Seller 1639,Kozhikode
1640,Seller 1640,Bengaluru
1641,Seller 1641,Mumbai
1642,Seller 1642,Hyderabad
1643,Seller 1643,Delhi
1644,Seller 1644,Pune
1645,Seller 1645,Ahmedabad
1646,Seller 1646,Chennai
1647,Seller 1647,Ahmedabad
1648,Seller 1648,Kolkata
1649,Seller 1649,Thrissur
1650,Seller 1650,Kollam
1651,Seller 1651,Coimbatore
1652,Seller 1652,Thrissur
1653,Seller 1653,Hyderabad
1654,Seller 1654,Coimbatore
1655,Seller 1655,Jaipur
1656,Seller 1656,Jaipur
1657,Seller 1657,Thrissur
1658,Seller 1658,Bengaluru
1659,Seller 1659,Kozhikode
1660,Seller 1660,Thrissur
1661,Seller 1661,Bengaluru
1662,Seller 1662,Kolkata
1663,Seller 1663,Bengaluru
1664,Seller 1664,Jaipur
1665,Seller 1665,Kolkata
1666,Seller 1666,Bengaluru
1667,Seller 1667,Hyderabad
1668,Seller 1668,Thrissur
1669,Seller 1669,Chennai
1670,Seller 1670,Pune
1671,Seller 1671,Chennai
1672,Seller 1672,Ahmedabad
1673,Seller 1673,Chennai
1674,Seller 1674,Thiruvananthapuram
1675,Seller 1675,Ahmedabad
1676,Seller 1676,Chennai
1677,Seller 1677,Thiruvananthapuram
1678,Seller 1678,Chennai
1679,Seller 1679,Bengaluru
1680,Seller 1680,Delhi
1681,Seller 1681,Ahmedabad
1682,Seller 1682,Kozhikode
1683,Seller 1683,Hyderabad
1684,Seller 1684,Ahmedabad
1685,Seller 1685,Thrissur
1686,Seller 1686,Thiruvananthapuram
1687,Seller 1687,Jaipur
1688,Seller 1688,Kolkata
1689,Seller 1689,Kollam
1690,Seller 1690,Kollam
1691,Seller 1691,Delhi
1692,Seller 1692,Kolkata
1693,Seller 1693,Thrissur
1694,Seller 1694,Thrissur
1695,Seller 1695,Jaipur
1696,Seller 1696,Bengaluru
1697,Seller 1697,Thiruvananthapuram
1698,Seller 1698,Bengaluru
1699,Seller 1699,Chennai
1700,Seller 1700,Ahmedabad
1701,Seller 1701,Chennai
1702,Seller 1702,Bengaluru
1703,Seller 1703,Mumbai
1704,Seller 1704,Mumbai
1705,Seller 1705,Kolkata
1706,Seller 1706,Kollam
1707,Seller 1707,Ahmedabad
1708,Seller 1708,Kollam
1709,Seller 1709,Pune
1710,Seller 1710,Mumbai
1711,Seller 1711,Hyderabad
1712,Seller 1712,Jaipur
1713,Seller 1713,Thrissur
1714,Seller 1714,Kochi
1715,Seller 1715,Kochi
1716,Seller 1716,Kollam
1717,Seller 1717,Kozhikode
1718,Seller 1718,Bengaluru
1719,Seller 1719,Kolkata
1720,Seller 1720,Hyderabad
1721,Seller 1721,Kolkata
1722,Seller 1722,Pune
1723,Seller 1723,Hyderabad
1724,Seller 1724,Thiruvananthapuram
1725,Seller 1725,Ahmedabad
1726,Seller 1726,Delhi
1727,Seller 1727,Chennai
1728,Seller 1728,Kolkata
1729,Seller 1729,Coimbatore
1730,Seller 1730,Kolkata
1731,Seller 1731,Hyderabad
1732,Seller 1732,Kollam
1733,Seller 1733,Thrissur
1734,Seller 1734,Pune
1735,Seller 1735,Pune
1736,Seller 1736,Chennai
1737,Seller 1737,Thiruvananthapuram
1738,Seller 1738,Kochi
1739,Seller 1739,Thiruvananthapuram
1740,Seller 1740,Delhi
1741,Seller 1741,Bengaluru
1742,Seller 1742,Thrissur
1743,Seller 1743,Mumbai
1744,Seller 1744,Bengaluru
1745,Seller 1745,Hyderabad
1746,Seller 1746,Coimbatore
1747,Seller 1747,Thrissur
1748,Seller 1748,Kochi
1749,Seller 1749,Hyderabad
1750,Seller 1750,Kozhikode
1751,Seller 1751,Coimbatore
1752,Seller 1752,Kolkata
1753,Seller 1753,Kochi
1754,Seller 1754,Bengaluru
1755,Seller 1755,Ahmedabad
1756,Seller 1756,Kolkata
1757,Seller 1757,Chennai
1758,Seller 1758,Jaipur
1759,Seller 1759,Kozhikode
1760,Seller 1760,Jaipur
1761,Seller 1761,Kozhikode
1762,Seller 1762,Pune
1763,Seller 1763,Thrissur
1764,Seller 1764,Pune
1765,Seller 1765,Kollam
1766,Seller 1766,Mumbai
1767,Seller 1767,Kochi
1768,Seller 1768,Hyderabad
1769,Seller 1769,Kollam
1770,Seller 1770,Bengaluru
1771,Seller 1771,Pune
1772,Seller 1772,Mumbai
1773,Seller 1773,Ahmedabad
1774,Seller 1774,Delhi
1775,Seller 1775,Thrissur
1776,Seller 1776,Mumbai
1777,Seller 1777,Mumbai
1778,Seller 1778,Jaipur
1779,Seller 1779,Thrissur
1780,Seller 1780,Kolkata
1781,Seller 1781,Thiruvananthapuram
1782,Seller 1782,Kozhikode
1783,Seller 1783,Ahmedabad
1784,Seller 1784,Ahmedabad
1785,Seller 1785,Kochi
1786,Seller 1786,Jaipur
1787,Seller 1787,Ahmedabad
1788,Seller 1788,Kolkata
1789,Seller 1789,Kolkata
1790,Seller 1790,Kolkata
1791,Seller 1791,Bengaluru
1792,Seller 1792,Jaipur
1793,Seller 1793,Bengaluru
1794,Seller 1794,Coimbatore
1795,Seller 1795,Ahmedabad
1796,Seller 1796,Hyderabad
1797,Seller 1797,Kolkata
1798,Seller 1798,Coimbatore
1799,Seller 1799,Kollam
1800,Seller 1800,Kozhikode
1801,Seller 1801,Bengaluru
1802,Seller 1802,Hyderabad
1803,Seller 1803,Kollam
1804,Seller 1804,Hyderabad
1805,Seller 1805,Bengaluru
1806,Seller 1806,Bengaluru
1807,Seller 1807,Kollam
1808,Seller 1808,Delhi
1809,Seller 1809,Kolkata
1810,Seller 1810,Thrissur
1811,Seller 1811,Thrissur
1812,Seller 1812,Pune
1813,Seller 1813,Kolkata
1814,Seller 1814,Coimbatore
1815,Seller 1815,Thiruvananthapuram
1816,Seller 1816,Kozhikode
1817,Seller 1817,Kochi
1818,Seller 1818,Delhi
1819,Seller 1819,Chennai
1820,Seller 1820,Chennai
1821,Seller 1821,Chennai
1822,Seller 1822,Ahmedabad
1823,Seller 1823,Hyderabad
1824,Seller 1824,Ahmedabad
1825,Seller 1825,Thiruvananthapuram
1826,Seller 1826,Jaipur
1827,Seller 1827,Mumbai
1828,Seller 1828,Thiruvananthapuram
1829,Seller 1829,Coimbatore
1830,Seller 1830,Mumbai
1831,Seller 1831,Bengaluru
1832,Seller 1832,Thiruvananthapuram
1833,Seller 1833,Pune
1834,Seller 1834,Chennai
1835,Seller 1835,Thiruvananthapuram
1836,Seller 1836,Mumbai
1837,Seller 1837,Jaipur
1838,Seller 1838,Ahmedabad
1839,Seller 1839,Bengaluru
1840,Seller 1840,Ahmedabad
1841,Seller 1841,Mumbai
1842,Seller 1842,Hyderabad
1843,Seller 1843,Thrissur
1844,Seller 1844,Pune
1845,Seller 1845,Bengaluru
1846,Seller 1846,Delhi
1847,Seller 1847,Kochi
1848,Seller 1848,Kolkata
1849,Seller 1849,Kochi
1850,Seller 1850,Pune
1851,Seller 1851,Kochi
1852,Seller 1852,Mumbai
1853,Seller 1853,Ahmedabad
1854,Seller 1854,Kochi
1855,Seller 1855,Mumbai
1856,Seller 1856,Kozhikode
1857,Seller 1857,Ahmedabad
1858,Seller 1858,Mumbai
1859,Seller 1859,Jaipur
1860,Seller 1860,Jaipur
1861,Seller 1861,Kochi
1862,Seller 1862,Pune
1863,Seller 1863,Coimbatore
1864,Seller 1864,Hyderabad
1865,Seller 1865,Pune
1866,Seller 1866,Delhi
1867,Seller 1867,Kollam
1868,Seller 1868,Ahmedabad
1869,Seller 1869,Kochi
1870,Seller 1870,Ahmedabad
1871,Seller 1871,Delhi
1872,Seller 1872,Chennai
1873,Seller 1873,Jaipur
1874,Seller 1874,Thrissur
1875,Seller 1875,Hyderabad
1876,Seller 1876,Hyderabad
1877,Seller 1877,Coimbatore
1878,Seller 1878,Coimbatore
1879,Seller 1879,Kolkata
1880,Seller 1880,Kozhikode
1881,Seller 1881,Delhi
1882,Seller 1882,Bengaluru
1883,Seller 1883,Kochi
1884,Seller 1884,Kozhikode
1885,Seller 1885,Delhi
1886,Seller 1886,Pune
1887,Seller 1887,Bengaluru
1888,Seller 1888,Hyderabad
1889,Seller 1889,Mumbai
1890,Seller 1890,Ahmedabad
1891,Seller 1891,Kolkata
1892,Seller 1892,Kolkata
1893,Seller 1893,Jaipur
1894,Seller 1894,Chennai
1895,Seller 1895,Coimbatore
1896,Seller 1896,Thiruvananthapuram
1897,Seller 1897,Chennai
1898,Seller 1898,Pune
1899,Seller 1899,Thrissur
1900,Seller 1900,Thiruvananthapuram
1901,Seller 1901,Pune
1902,Seller 1902,Jaipur
1903,Seller 1903,Chennai
1904,Seller 1904,Thiruvananthapuram
1905,Seller 1905,Thiruvananthapuram
1906,Seller 1906,Kollam
1907,Seller 1907,Bengaluru
1908,Seller 1908,Chennai
1909,Seller 1909,Kozhikode
1910,Seller 1910,Thrissur
1911,Seller 1911,Jaipur
1912,Seller 1912,Kollam
1913,Seller 1913,Pune
1914,Seller 1914,Delhi
1915,Seller 1915,Ahmedabad
1916,Seller 1916,Bengaluru
1917,Seller 1917,Mumbai
1918,Seller 1918,Hyderabad
1919,Seller 1919,Delhi
1920,Seller 1920,Delhi
1921,Seller 1921,Kollam
1922,Seller 1922,Ahmedabad
1923,Seller 1923,Jaipur
1924,Seller 1924,Pune
1925,Seller 1925,Coimbatore
1926,Seller 1926,Bengaluru
1927,Seller 1927,Coimbatore
1928,Seller 1928,Coimbatore
1929,Seller 1929,Kolkata
1930,Seller 1930,Jaipur
1931,Seller 1931,Pune
1932,Seller 1932,Kozhikode
1933,Seller 1933,Kollam
1934,Seller 1934,Ahmedabad
1935,Seller 1935,Kozhikode
1936,Seller 1936,Kollam
1937,Seller 1937,Thrissur
1938,Seller 1938,Kozhikode
1939,Seller 1939,Kochi
1940,Seller 1940,Thiruvananthapuram
1941,Seller 1941,Mumbai
1942,Seller 1942,Pune
1943,Seller 1943,Jaipur
1944,Seller 1944,Thiruvananthapuram
1945,Seller 1945,Ahmedabad
1946,Seller 1946,Kozhikode
1947,Seller 1947,Mumbai
1948,Seller 1948,Bengaluru
1949,Seller 1949,Kochi
1950,Seller 1950,Bengaluru
1951,Seller 1951,Jaipur
1952,Seller 1952,Bengaluru
1953,Seller 1953,Coimbatore
1954,Seller 1954,Kollam
1955,Seller 1955,Delhi
1956,Seller 1956,Kollam
1957,Seller 1957,Kollam
1958,Seller 1958,Thrissur
1959,Seller 1959,Kozhikode
1960,Seller 1960,Chennai
1961,Seller 1961,Thrissur
1962,Seller 1962,Kollam
1963,Seller 1963,Coimbatore
1964,Seller 1964,Coimbatore
1965,Seller 1965,Kollam
1966,Seller 1966,Ahmedabad
1967,Seller 1967,Bengaluru
1968,Seller 1968,Thiruvananthapuram
1969,Seller 1969,Kozhikode
1970,Seller 1970,Coimbatore
1971,Seller 1971,Coimbatore
1972,Seller 1972,Hyderabad
1973,Seller 1973,Kochi
1974,Seller 1974,Jaipur
1975,Seller 1975,Chennai
1976,Seller 1976,Thiruvananthapuram
1977,Seller 1977,Hyderabad
1978,Seller 1978,Jaipur
1979,Seller 1979,Kolkata
1980,Seller 1980,Jaipur
1981,Seller 1981,Kolkata
1982,Seller 1982,Kollam
1983,Seller 1983,Chennai
1984,Seller 1984,Thiruvananthapuram
1985,Seller 1985,Hyderabad
1986,Seller 1986,Hyderabad
1987,Seller 1987,Chennai
1988,Seller 1988,Kollam
1989,Seller 1989,Kollam
1990,Seller 1990,Ahmedabad
1991,Seller 1991,Chennai
1992,Seller 1992,Pune
1993,Seller 1993,Jaipur
1994,Seller 1994,Kochi
1995,Seller 1995,Kochi
1996,Seller 1996,Kozhikode
1997,Seller 1997,Mumbai
1998,Seller 1998,Coimbatore
1999,Seller 1999,Pune
2000,Seller 2000,Kolkata
