customer_id,customer_name,city,signup_date
1,Arjun Sharma,Kolkata,2024-10-08
2,Vivek Singh,Kozhikode,2026-01-24
3,Arjun Verma,Kochi,2025-08-27
4,Meera Nair,Thiruvananthapuram,2024-04-05
5,Kiran Singh,Mumbai,2025-09-08
6,Aarav Verma,Kollam,2026-01-03
7,Kavya Gupta,Kollam,2025-04-04
8,Pooja Das,Ahmedabad,2026-06-09
9,Aarav Reddy,Kolkata,2025-03-08
10,Ananya Das,Kozhikode,2024-08-08
11,Ananya Iyer,Kochi,2025-01-24
12,Arjun Joseph,Jaipur,2024-12-18
13,Anjali Das,Ahmedabad,2024-02-14
14,Priya Verma,Kochi,2026-08-02
15,Isha Menon,Mumbai,2024-10-27
16,Anjali Joseph,Pune,2024-07-15
17,Aditya Nair,Delhi,2024-08-21
18,Sanjay Menon,Jaipur,2024-08-26
19,Arjun Thomas,Thrissur,2025-04-09
20,Diya Reddy,Bengaluru,2024-12-29
21,Kiran Das,Kolkata,2026-08-17
22,Aditya Chopra,Delhi,2024-06-24
23,Kavya Singh,Kozhikode,2025-04-18
24,Isha Das,Coimbatore,2025-10-17
25,Kavya Singh,Delhi,2024-11-28
26,Vivaan Singh,Jaipur,2024-02-02
27,Ananya Thomas,Thrissur,2024-03-08
28,Kiran Shah,Coimbatore,2026-01-05
29,Ananya Kumar,Delhi,2025-05-26
30,Isha Mishra,Kozhikode,2024-09-28
31,Rahul Singh,Kolkata,2025-07-28
32,Kavya Das,Kolkata,2025-08-21
33,Meera Shah,Chennai,2025-01-05
34,Vivek Patel,Mumbai,2025-05-20
35,Aditya Nair,Jaipur,2024-04-22
36,Rahul Reddy,Ahmedabad,2025-11-27
37,Meera Chopra,Kochi,2025-01-29
38,Isha Chopra,Hyderabad,2025-06-25
39,Nikhil Verma,Jaipur,2026-08-23
40,Aarav Iyer,Delhi,2026-06-25
41,Kavya Das,Ahmedabad,2025-10-18
42,Ananya Iyer,Thrissur,2025-03-21
43,Rohan Mishra,Thiruvananthapuram,2026-01-09
44,Nikhil Bhat,Ahmedabad,2024-07-01
45,Neha Iyer,Jaipur,2025-10-02
46,Sanjay Bhat,Pune,2024-07-22
47,Rahul Joseph,Ahmedabad,2024-06-14
48,Kavya Bhat,Coimbatore,2024-01-01
49,Anjali Varma,Hyderabad,2024-01-20
50,Arjun Joseph,Coimbatore,2026-05-01
51,Sanjay Singh,Thiruvananthapuram,2024-09-03
52,Pooja Menon,Kochi,2026-01-19
53,Sneha Menon,Ahmedabad,2025-06-29
54,Rahul Patel,Delhi,2025-05-01
55,Kavya Reddy,Thrissur,2025-06-24
56,Anjali Gupta,Kollam,2026-08-09
57,Kavya Kumar,Kolkata,2024-11-15
58,Isha Joseph,Hyderabad,2026-07-10
59,Neha Mishra,Kochi,2024-09-10
60,Vivek Menon,Bengaluru,2024-01-22
61,Pooja Verma,Kollam,2025-08-25
62,Vivek Sharma,Kochi,2025-12-25
63,Vivaan Singh,Kochi,2026-07-16
64,Vivaan Varma,Kochi,2025-06-10
65,Vivek Das,Delhi,2025-05-12
66,Kiran Verma,Kozhikode,2026-01-10
67,Pooja Shah,Hyderabad,2024-09-05
68,Sneha Gupta,Kollam,2024-04-06
69,Arjun Gupta,Bengaluru,2025-03-09
70,Meera Mishra,Jaipur,2026-01-16
71,Vivaan Iyer,Thiruvananthapuram,2025-02-16
72,Ananya Iyer,Kollam,2024-07-15
73,Kiran Verma,Hyderabad,2024-05-23
74,Meera Reddy,Thrissur,2025-04-18
75,Vivek Menon,Hyderabad,2026-04-07
76,Kavya Iyer,Thiruvananthapuram,2025-10-29
77,Kavya Sharma,Kochi,2026-08-06
78,Vivek Reddy,Chennai,2025-05-12
79,Sneha Kumar,Jaipur,2025-02-14
80,Vivaan Reddy,Chennai,2024-01-03
81,Isha Das,Coimbatore,2026-03-13
82,Priya Pillai,Chennai,2025-12-14
83,Kavya Rao,Kozhikode,2024-07-13
84,Sanjay Kumar,Thiruvananthapuram,2025-08-16
85,Kavya Nair,Kolkata,2024-11-17
86,Vivaan Nair,Pune,2025-05-03
87,Neha Bhat,Kozhikode,2024-02-28
88,Neha Menon,Jaipur,2024-07-09
89,Aditya Chopra,Kochi,2025-11-22
90,Vivek Thomas,Kochi,2026-08-22
91,Pooja Singh,Pune,2025-08-31
92,Vivaan Chopra,Kochi,2025-03-05
93,Pooja Shah,Mumbai,2024-11-19
94,Nikhil Kumar,Delhi,2026-01-03
95,Ananya Singh,Thrissur,2025-02-09
96,Rahul Pillai,Hyderabad,2024-11-19
97,Aditya Sharma,Hyderabad,2025-09-28
98,Pooja Iyer,Kochi,2025-07-04
99,Kiran Bhat,Thrissur,2024-05-15
100,Diya Menon,Coimbatore,2024-09-07
101,Diya Pillai,Kozhikode,2025-03-24
102,Kavya Pillai,Pune,2026-04-06
103,Neha Sharma,Delhi,2026-04-16
104,Kavya Pillai,Coimbatore,2025-11-10
105,Arjun Patel,Thrissur,2024-04-28
106,Arjun Verma,Kozhikode,2024-10-05
107,Sanjay Chopra,Kollam,2026-01-04
108,Ananya Kumar,Delhi,2025-10-11
109,Nikhil Bhat,Hyderabad,2024-09-14
110,Vivaan Menon,Delhi,2025-03-09
111,Nikhil Nair,Thiruvananthapuram,2024-12-07
112,Rahul Das,Kozhikode,2026-01-29
113,Priya Verma,Kolkata,2025-03-13
114,Kavya Sharma,Kochi,2024-03-18
115,Rahul Verma,Thiruvananthapuram,2026-05-04
116,Diya Shah,Mumbai,2024-05-31
117,Meera Patel,Thiruvananthapuram,2024-11-11
118,Diya Nair,Coimbatore,2025-01-01
119,Kiran Singh,Delhi,2024-04-15
120,Diya Verma,Coimbatore,2026-06-14
121,Meera Chopra,Kolkata,2024-06-07
122,Vivek Reddy,Ahmedabad,2026-04-10
123,Rohan Gupta,Thiruvananthapuram,2024-07-02
124,Ananya Gupta,Ahmedabad,2025-11-16
125,Vivek Das,Kozhikode,2026-03-17
126,Arjun Thomas,Jaipur,2024-02-09
127,Sneha Singh,Kollam,2026-04-16
128,Priya Joseph,Thrissur,2026-04-20
129,Vivek Singh,Thiruvananthapuram,2025-11-06
130,Kiran Thomas,Bengaluru,2024-10-12
131,Aditya Das,Bengaluru,2025-10-18
132,Neha Thomas,Delhi,2026-05-13
133,Kavya Varma,Thiruvananthapuram,2024-04-28
134,Nikhil Reddy,Pune,2024-09-28
135,Vivaan Iyer,Pune,2025-03-20
136,Diya Varma,Chennai,2025-09-12
137,Neha Iyer,Chennai,2026-07-10
138,Pooja Kumar,Thrissur,2024-02-15
139,Meera Sharma,Mumbai,2026-08-05
140,Kavya Kumar,Bengaluru,2025-03-17
141,Aditya Varma,Pune,2024-11-17
142,Arjun Pillai,Mumbai,2024-11-12
143,Meera Varma,Chennai,2025-12-14
144,Sanjay Verma,Kozhikode,2024-07-15
145,Meera Thomas,Delhi,2026-02-05
146,Rohan Chopra,Pune,2024-11-04
147,Isha Verma,Jaipur,2024-01-01
148,Sanjay Pillai,Kollam,2025-03-16
149,Pooja Chopra,Delhi,2024-11-25
150,Priya Mishra,Hyderabad,2025-11-22
151,Kiran Bhat,Hyderabad,2026-03-23
152,Rohan Menon,Thrissur,2025-06-11
153,Anjali Varma,Kochi,2026-04-18
154,Vivek Pillai,Kollam,2026-04-05
155,Kiran Patel,Thiruvananthapuram,2024-02-17
156,Vivek Rao,Pune,2026-05-20
157,Aditya Mishra,Chennai,2026-06-26
158,Pooja Kumar,Kolkata,2025-12-14
159,Isha Rao,Chennai,2024-09-06
160,Rahul Sharma,Coimbatore,2026-02-07
161,Arjun Gupta,Kollam,2024-06-29
162,Neha Mishra,Thiruvananthapuram,2025-07-24
163,Vivek Iyer,Hyderabad,2024-05-16
164,Priya Bhat,Mumbai,2025-09-01
165,Ananya Mishra,Pune,2026-04-14
166,Neha Gupta,Jaipur,2026-07-17
167,Kavya Mishra,Coimbatore,2024-06-11
168,Sneha Mishra,Thrissur,2026-02-08
169,Vivek Das,Ahmedabad,2026-03-07
170,Neha Rao,Delhi,2024-09-01
171,Nikhil Mishra,Kochi,2025-12-31
172,Sanjay Singh,Thrissur,2024-12-09
173,Ananya Verma,Kochi,2024-05-21
174,Rahul Singh,Chennai,2025-12-11
175,Rahul Kumar,Kochi,2025-02-28
176,Meera Varma,Mumbai,2025-04-22
177,Meera Nair,Kollam,2026-05-02
178,Meera Thomas,Coimbatore,2026-02-27
179,Pooja Sharma,Jaipur,2026-06-20
180,Pooja Thomas,Hyderabad,2024-01-07
181,Diya Pillai,Ahmedabad,2025-02-03
182,Meera Verma,Kolkata,2026-01-22
183,Kavya Chopra,Coimbatore,2024-08-13
184,Sneha Singh,Thrissur,2025-03-22
185,Sneha Sharma,Chennai,2024-12-10
186,Isha Reddy,Jaipur,2025-04-23
187,Rahul Chopra,Mumbai,2024-01-28
188,Isha Shah,Pune,2025-11-09
189,Aarav Menon,Delhi,2025-03-14
190,Rahul Mishra,Kozhikode,2024-02-21
191,Nikhil Thomas,Bengaluru,2024-08-04
192,Priya Varma,Bengaluru,2026-02-18
193,Isha Das,Ahmedabad,2026-09-01
194,Meera Das,Jaipur,2024-03-24
195,Sneha Sharma,Kolkata,2025-07-06
196,Vivaan Joseph,Kollam,2025-10-27
197,Aditya Nair,Ahmedabad,2024-02-01
198,Vivek Kumar,Jaipur,2024-01-21
199,Anjali Patel,Kollam,2024-05-09
200,Sneha Iyer,Pune,2026-08-28
201,Kiran Mishra,Kolkata,2024-09-19
202,Diya Reddy,Pune,2025-09-13
203,Arjun Reddy,Thrissur,2024-04-20
204,Pooja Sharma,Coimbatore,2024-11-15
205,Pooja Thomas,Chennai,2026-08-22
206,Kiran Menon,Pune,2025-12-08
207,Vivek Iyer,Kolkata,2026-03-02
208,Sanjay Chopra,Ahmedabad,2024-05-03
209,Pooja Nair,Bengaluru,2025-06-29
210,Meera Joseph,Kochi,2025-06-02
211,Ananya Sharma,Jaipur,2025-03-06
212,Sneha Iyer,Chennai,2025-01-05
213,Priya Patel,Chennai,2024-06-29
214,Neha Das,Pune,2026-04-07
215,Kavya Rao,Hyderabad,2025-03-22
216,Pooja Das,Bengaluru,2026-05-22
217,Vivek Menon,Thrissur,2026-06-21
218,Priya Singh,Ahmedabad,2025-04-20
219,Pooja Chopra,Delhi,2025-01-23
220,Ananya Sharma,Hyderabad,2026-05-21
221,Ananya Reddy,Hyderabad,2024-08-05
222,Diya Das,Bengaluru,2024-10-13
223,Anjali Das,Mumbai,2024-01-11
224,Neha Kumar,Kochi,2024-09-04
225,Meera Rao,Mumbai,2026-02-15
226,Vivek Rao,Delhi,2025-12-29
227,Sneha Mishra,Ahmedabad,2024-01-18
228,Aditya Pillai,Kollam,2025-02-18
229,Vivek Pillai,Delhi,2025-08-18
230,Diya Rao,Mumbai,2025-06-27
231,Diya Gupta,Kolkata,2025-07-17
232,Ananya Joseph,Kolkata,2025-04-09
233,Nikhil Pillai,Thrissur,2024-08-24
234,Arjun Kumar,Bengaluru,2024-05-02
235,Kavya Reddy,Kollam,2024-08-09
236,Sneha Das,Kolkata,2025-08-26
237,Neha Chopra,Thrissur,2024-04-12
238,Kiran Pillai,Kollam,2025-01-04
239,Rohan Pillai,Thiruvananthapuram,2025-12-26
240,Kavya Patel,Thrissur,2024-02-16
241,Vivaan Verma,Thrissur,2025-12-15
242,Rahul Rao,Kochi,2026-06-12
243,Aarav Shah,Thrissur,2025-04-25
244,Sneha Mishra,Bengaluru,2024-07-07
245,Vivaan Das,Jaipur,2025-05-04
246,Arjun Menon,Chennai,2025-05-18
247,Aditya Shah,Delhi,2025-12-03
248,Vivaan Patel,Kozhikode,2026-04-10
249,Pooja Pillai,Kochi,2024-09-11
250,Arjun Verma,Ahmedabad,2025-03-02
251,Anjali Chopra,Ahmedabad,2025-09-25
252,Vivek Bhat,Chennai,2025-04-06
253,Priya Pillai,Jaipur,2025-08-25
254,Meera Pillai,Pune,2025-09-27
255,Vivaan Chopra,Kolkata,2024-04-11
256,Kiran Kumar,Thrissur,2025-11-07
257,Aditya Reddy,Kollam,2024-06-26
258,Kavya Menon,Kozhikode,2024-01-03
259,Meera Mishra,Kolkata,2025-08-31
260,Sneha Pillai,Thiruvananthapuram,2024-08-25
261,Sanjay Pillai,Kolkata,2026-05-30
262,Priya Menon,Delhi,2024-08-27
263,Nikhil Shah,Delhi,2026-04-03
264,Kiran Gupta,Kochi,2025-07-11
265,Vivek Patel,Coimbatore,2024-09-29
266,Rahul Menon,Thiruvananthapuram,2024-06-18
267,Sanjay Chopra,Kolkata,2026-04-24
268,Pooja Pillai,Hyderabad,2024-05-07
269,Priya Pillai,Kolkata,2025-02-16
270,Nikhil Bhat,Mumbai,2025-05-20
271,Priya Menon,Pune,2024-02-10
272,Meera Varma,Pune,2024-09-13
273,Aarav Menon,Kollam,2025-11-21
274,Pooja Shah,Thiruvananthapuram,2026-02-22
275,Nikhil Shah,Thiruvananthapuram,2026-02-20
276,Rohan Rao,Mumbai,2025-10-29
277,Priya Das,Kozhikode,2025-08-22
278,Meera Rao,Kochi,2025-04-26
279,Diya Gupta,Bengaluru,2024-11-24
280,Arjun Reddy,Bengaluru,2025-02-25
281,Sneha Pillai,Delhi,2026-08-25
282,Isha Verma,Thiruvananthapuram,2025-04-10
283,Aditya Varma,Thrissur,2024-11-27
284,Arjun Thomas,Jaipur,2025-06-10
285,Aarav Verma,Hyderabad,2025-02-27
286,Vivaan Kumar,Mumbai,2025-01-05
287,Anjali Rao,Delhi,2025-03-28
288,Vivaan Kumar,Thrissur,2025-07-16
289,Rahul Pillai,Hyderabad,2026-06-20
290,Sneha Iyer,Thiruvananthapuram,2025-10-07
291,Anjali Singh,Kolkata,2024-06-11
292,Sanjay Verma,Thiruvananthapuram,2025-07-19
293,Meera Menon,Kollam,2026-05-11
294,Arjun Mishra,Kochi,2025-10-25
295,Rahul Rao,Coimbatore,2026-01-03
296,Sanjay Bhat,Kolkata,2024-10-06
297,Meera Rao,Hyderabad,2024-09-06
298,Priya Verma,Kozhikode,2025-01-27
299,Kiran Chopra,Mumbai,2026-02-03
300,Rahul Menon,Thrissur,2026-03-02
301,Meera Varma,Coimbatore,2026-03-17
302,Neha Das,Jaipur,2024-01-03
303,Sanjay Pillai,Jaipur,2025-08-24
304,Pooja Rao,Jaipur,2024-06-01
305,Priya Verma,Hyderabad,2024-12-19
306,Ananya Verma,Ahmedabad,2025-07-10
307,Isha Mishra,Coimbatore,2024-11-25
308,Kiran Singh,Pune,2025-01-27
309,Vivek Gupta,Thiruvananthapuram,2024-11-21
310,Sneha Thomas,Chennai,2025-11-10
311,Rahul Rao,Thiruvananthapuram,2024-05-09
312,Neha Shah,Bengaluru,2026-06-09
313,Arjun Mishra,Kochi,2025-06-22
314,Priya Sharma,Kolkata,2024-05-27
315,Meera Patel,Kochi,2025-04-25
316,Nikhil Varma,Pune,2025-12-10
317,Isha Menon,Jaipur,2024-12-02
318,Kavya Thomas,Bengaluru,2025-10-03
319,Sneha Verma,Thiruvananthapuram,2025-09-24
320,Aditya Singh,Delhi,2025-12-01
321,Sanjay Singh,Kolkata,2024-04-02
322,Meera Iyer,Ahmedabad,2025-10-10
323,Arjun Mishra,Kozhikode,2025-12-11
324,Sanjay Sharma,Thiruvananthapuram,2024-11-28
325,Vivaan Pillai,Bengaluru,2025-01-18
326,Meera Patel,Kollam,2025-06-27
327,Meera Shah,Delhi,2026-03-22
328,Rohan Reddy,Kozhikode,2024-03-21
329,Anjali Thomas,Pune,2025-11-30
330,Vivek Rao,Coimbatore,2025-08-20
331,Rahul Singh,Hyderabad,2025-10-15
332,Nikhil Mishra,Thrissur,2025-11-13
333,Aarav Mishra,Coimbatore,2024-10-21
334,Kavya Reddy,Kochi,2025-03-28
335,Diya Shah,Thrissur,2025-10-16
336,Meera Das,Hyderabad,2026-05-15
337,Sanjay Kumar,Chennai,2026-05-23
338,Sneha Iyer,Kollam,2025-01-25
339,Pooja Joseph,Pune,2024-10-29
340,Sanjay Sharma,Jaipur,2025-11-05
341,Isha Das,Thiruvananthapuram,2025-08-02
342,Vivaan Chopra,Kolkata,2025-05-23
343,Sanjay Singh,Pune,2026-04-01
344,Diya Singh,Delhi,2024-07-13
345,Anjali Das,Delhi,2026-02-12
346,Rahul Iyer,Coimbatore,2025-10-04
347,Vivaan Pillai,Ahmedabad,2025-03-27
348,Vivaan Shah,Bengaluru,2026-01-19
349,Rahul Menon,Coimbatore,2024-10-29
350,Ananya Gupta,Kozhikode,2024-07-24
351,Rahul Verma,Coimbatore,2025-01-09
352,Neha Bhat,Coimbatore,2024-10-06
353,Rohan Das,Coimbatore,2026-04-24
354,Sneha Pillai,Kolkata,2026-06-10
355,Ananya Iyer,Hyderabad,2024-03-18
356,Rahul Singh,Jaipur,2025-11-23
357,Isha Verma,Bengaluru,2024-04-02
358,Isha Sharma,Thrissur,2025-07-03
359,Arjun Mishra,Bengaluru,2025-11-19
360,Nikhil Shah,Chennai,2026-04-22
361,Diya Iyer,Delhi,2024-08-27
362,Sneha Sharma,Pune,2026-06-24
363,Kavya Varma,Coimbatore,2025-09-16
364,Vivek Menon,Delhi,2026-04-23
365,Priya Pillai,Delhi,2025-02-22
366,Arjun Patel,Thiruvananthapuram,2026-08-26
367,Vivaan Pillai,Hyderabad,2024-04-28
368,Arjun Singh,Coimbatore,2025-07-04
369,Rahul Thomas,Hyderabad,2025-01-14
370,Kavya Gupta,Pune,2026-01-30
371,Rahul Gupta,Delhi,2024-04-11
372,Sneha Chopra,Chennai,2026-08-19
373,Nikhil Nair,Kolkata,2025-01-14
374,Kiran Mishra,Hyderabad,2026-08-31
375,Vivek Joseph,Kochi,2025-12-03
376,Diya Verma,Coimbatore,2025-10-22
377,Diya Nair,Chennai,2024-10-09
378,Kiran Iyer,Jaipur,2026-04-23
379,Priya Menon,Delhi,2024-08-05
380,Anjali Sharma,Thiruvananthapuram,2026-03-16
381,Ananya Singh,Kozhikode,2026-03-16
382,Pooja Kumar,Kochi,2026-04-29
383,Kavya Kumar,Pune,2024-08-09
384,Vivek Varma,Ahmedabad,2024-05-31
385,Anjali Sharma,Thrissur,2026-05-29
386,Rahul Patel,Mumbai,2024-09-13
387,Rohan Iyer,Delhi,2026-06-06
388,Aarav Patel,Thiruvananthapuram,2025-01-01
389,Vivek Shah,Bengaluru,2024-01-17
390,Rohan Das,Thiruvananthapuram,2024-05-09
391,Meera Bhat,Kochi,2026-02-02
392,Aditya Rao,Hyderabad,2026-03-07
393,Diya Bhat,Pune,2024-04-21
394,Priya Bhat,Kollam,2026-08-26
395,Anjali Nair,Kolkata,2026-03-13
396,Neha Pillai,Hyderabad,2025-10-20
397,Aarav Nair,Hyderabad,2026-05-17
398,Isha Gupta,Delhi,2024-04-20
399,Sneha Mishra,Kochi,2026-07-09
400,Aditya Varma,Pune,2024-05-31
401,Aditya Patel,Thrissur,2025-10-01
402,Pooja Verma,Kolkata,2024-11-28
403,Isha Chopra,Mumbai,2024-10-28
404,Priya Bhat,Pune,2025-03-16
405,Arjun Iyer,Jaipur,2025-11-01
406,Kavya Kumar,Chennai,2025-04-07
407,Vivek Gupta,Bengaluru,2026-04-27
408,Priya Thomas,Chennai,2026-01-17
409,Arjun Varma,Chennai,2024-11-16
410,Nikhil Joseph,Kozhikode,2025-12-04
411,Sneha Menon,Kochi,2026-05-01
412,Aditya Menon,Chennai,2024-04-08
413,Diya Patel,Mumbai,2024-03-02
414,Pooja Verma,Mumbai,2024-12-03
415,Arjun Gupta,Bengaluru,2026-06-13
416,Meera Nair,Thrissur,2025-09-06
417,Sanjay Joseph,Kochi,2025-08-14
418,Neha Kumar,Kozhikode,2025-11-03
419,Sneha Singh,Jaipur,2024-04-20
420,Diya Verma,Bengaluru,2024-04-27
421,Nikhil Shah,Kollam,2026-04-06
422,Meera Verma,Ahmedabad,2026-04-18
423,Anjali Chopra,Delhi,2025-10-20
424,Kavya Sharma,Pune,2026-08-09
425,Nikhil Sharma,Kozhikode,2024-10-06
426,Sanjay Varma,Bengaluru,2024-01-07
427,Rohan Patel,Pune,2025-11-04
428,Isha Menon,Kozhikode,2026-01-28
429,Aarav Menon,Kolkata,2025-06-27
430,Kiran Thomas,Chennai,2025-04-09
431,Ananya Reddy,Bengaluru,2024-11-15
432,Ananya Shah,Pune,2024-03-27
433,Vivaan Patel,Kozhikode,2026-02-11
434,Anjali Nair,Delhi,2024-03-24
435,Nikhil Mishra,Delhi,2025-03-10
436,Sneha Chopra,Hyderabad,2025-02-28
437,Nikhil Kumar,Ahmedabad,2025-06-08
438,Arjun Joseph,Chennai,2024-04-23
439,Sanjay Shah,Hyderabad,2025-06-23
440,Sanjay Nair,Kollam,2025-02-08
441,Anjali Nair,Thiruvananthapuram,2024-07-28
442,Sanjay Kumar,Ahmedabad,2024-05-20
443,Nikhil Pillai,Bengaluru,2024-05-02
444,Aarav Rao,Kolkata,2025-03-16
445,Rohan Patel,Chennai,2025-06-29
446,Vivek Bhat,Mumbai,2026-05-03
447,Diya Menon,Chennai,2026-06-01
448,Vivaan Gupta,Thiruvananthapuram,2025-04-15
449,Aditya Varma,Pune,2025-03-15
450,Pooja Thomas,Kolkata,2025-10-17
451,Meera Pillai,Kochi,2025-02-18
452,Aarav Varma,Kozhikode,2026-03-31
453,Anjali Mishra,Jaipur,2025-12-07
454,Diya Menon,Chennai,2026-05-14
455,Arjun Singh,Chennai,2025-08-26
456,Isha Bhat,Kochi,2025-02-09
457,Sanjay Varma,Kollam,2024-12-07
458,Rohan Menon,Mumbai,2025-10-10
459,Arjun Bhat,Mumbai,2024-07-17
460,Diya Joseph,Kolkata,2026-04-18
461,Rahul Singh,Kochi,2024-05-29
462,Nikhil Kumar,Kozhikode,2025-09-08
463,Rahul Menon,Kozhikode,2026-09-01
464,Sneha Mishra,Ahmedabad,2025-07-31
465,Pooja Mishra,Delhi,2026-08-04
466,Pooja Chopra,Bengaluru,2026-06-03
467,Ananya Patel,Hyderabad,2024-03-10
468,Sneha Mishra,Delhi,2024-11-06
469,Nikhil Shah,Thiruvananthapuram,2024-12-26
470,Neha Menon,Thrissur,2025-04-17
471,Priya Nair,Thiruvananthapuram,2025-01-12
472,Sanjay Menon,Delhi,2026-06-03
473,Aditya Chopra,Pune,2025-06-03
474,Isha Mishra,Pune,2025-07-21
475,Vivaan Mishra,Coimbatore,2026-04-09
476,Pooja Kumar,Bengaluru,2025-09-11
477,Sneha Bhat,Kozhikode,2024-03-04
478,Priya Iyer,Ahmedabad,2026-07-09
479,Ananya Menon,Mumbai,2025-10-23
480,Rohan Nair,Kollam,2025-12-25
481,Priya Mishra,Mumbai,2025-06-19
482,Anjali Reddy,Bengaluru,2025-01-16
483,Sanjay Thomas,Chennai,2026-03-04
484,Ananya Chopra,Thiruvananthapuram,2026-03-19
485,Ananya Menon,Bengaluru,2024-04-06
486,Kavya Thomas,Thrissur,2024-09-15
487,Anjali Patel,Bengaluru,2024-03-24
488,Pooja Patel,Coimbatore,2024-12-24
489,Sanjay Thomas,Kozhikode,2025-09-01
490,Aditya Pillai,Mumbai,2025-01-20
491,Ananya Patel,Delhi,2025-12-20
492,Neha Menon,Delhi,2025-11-17
493,Meera Bhat,Bengaluru,2024-01-19
494,Diya Pillai,Kozhikode,2026-08-31
495,Kiran Varma,Ahmedabad,2025-05-12
496,Kiran Singh,Kozhikode,2024-06-07
497,Aditya Pillai,Jaipur,2026-03-18
498,Arjun Bhat,Ahmedabad,2025-07-06
499,Neha Nair,Delhi,2024-12-10
500,Anjali Patel,Pune,2025-01-20
501,Rahul Reddy,Kozhikode,2026-05-01
502,Anjali Reddy,Kolkata,2025-03-24
503,Vivaan Gupta,Bengaluru,2025-11-23
504,Vivek Mishra,Pune,2024-10-18
505,Priya Singh,Mumbai,2024-09-01
506,Sanjay Rao,Coimbatore,2026-05-05
507,Kiran Joseph,Delhi,2026-08-27
508,Pooja Mishra,Hyderabad,2026-02-26
509,Sanjay Thomas,Mumbai,2025-06-24
510,Meera Reddy,Jaipur,2024-07-23
511,Anjali Patel,Jaipur,2024-09-13
512,Vivaan Rao,Jaipur,2025-01-15
513,Kavya Iyer,Kolkata,2026-05-16
514,Neha Iyer,Thrissur,2024-03-26
515,Rohan Das,Hyderabad,2026-07-16
516,Neha Patel,Jaipur,2025-03-23
517,Aditya Singh,Jaipur,2025-04-06
518,Diya Sharma,Chennai,2024-02-24
519,Isha Bhat,Bengaluru,2024-08-29
520,Isha Menon,Bengaluru,2024-08-17
521,Aarav Varma,Coimbatore,2024-04-11
522,Ananya Patel,Kozhikode,2024-02-09
523,Sanjay Rao,Kolkata,2026-05-01
524,Rahul Rao,Hyderabad,2025-09-22
525,Aarav Menon,Thiruvananthapuram,2024-09-19
526,Kiran Patel,Mumbai,2026-08-20
527,Anjali Bhat,Chennai,2024-04-23
528,Sanjay Singh,Thrissur,2024-05-04
529,Vivaan Singh,Chennai,2025-10-16
530,Anjali Mishra,Kochi,2024-04-23
531,Sneha Chopra,Mumbai,2024-01-17
532,Neha Shah,Kollam,2026-01-05
533,Rahul Pillai,Chennai,2024-01-02
534,Anjali Joseph,Kollam,2025-08-07
535,Meera Reddy,Delhi,2025-11-15
536,Aditya Bhat,Bengaluru,2024-03-10
537,Neha Verma,Mumbai,2026-03-16
538,Neha Verma,Thiruvananthapuram,2025-02-03
539,Sneha Nair,Delhi,2025-01-31
540,Diya Das,Kolkata,2024-01-17
541,Diya Menon,Bengaluru,2024-09-03
542,Arjun Shah,Kolkata,2026-02-13
543,Ananya Patel,Thiruvananthapuram,2024-12-26
544,Kavya Varma,Jaipur,2025-10-20
545,Rohan Mishra,Kolkata,2025-05-05
546,Rohan Patel,Kochi,2026-01-03
547,Priya Nair,Thrissur,2024-07-25
548,Vivaan Kumar,Coimbatore,2024-02-12
549,Ananya Pillai,Mumbai,2025-02-11
550,Kavya Rao,Thrissur,2024-02-07
551,Kiran Pillai,Bengaluru,2026-06-01
552,Vivaan Varma,Thrissur,2024-05-07
553,Diya Gupta,Coimbatore,2025-02-13
554,Priya Thomas,Bengaluru,2024-07-10
555,Sneha Rao,Bengaluru,2026-08-04
556,Neha Das,Ahmedabad,2024-03-25
557,Meera Menon,Chennai,2025-09-08
558,Rohan Verma,Thrissur,2024-11-24
559,Arjun Menon,Bengaluru,2025-11-07
560,Sanjay Pillai,Hyderabad,2025-09-09
561,Meera Reddy,Kolkata,2025-03-30
562,Diya Mishra,Thiruvananthapuram,2026-01-14
563,Diya Chopra,Chennai,2024-10-08
564,Vivaan Menon,Delhi,2025-10-14
565,Isha Joseph,Mumbai,2026-03-31
566,Rohan Sharma,Kozhikode,2026-05-19
567,Anjali Mishra,Thiruvananthapuram,2024-05-09
568,Aditya Singh,Ahmedabad,2025-10-22
569,Diya Joseph,Chennai,2026-08-30
570,Pooja Nair,Pune,2024-06-06
571,Priya Joseph,Bengaluru,2025-03-30
572,Aditya Shah,Kozhikode,2025-06-26
573,Diya Thomas,Bengaluru,2025-10-27
574,Nikhil Singh,Kochi,2024-01-27
575,Rohan Rao,Mumbai,2025-01-31
576,Kavya Iyer,Thrissur,2026-03-04
577,Nikhil Mishra,Kollam,2025-09-18
578,Sanjay Rao,Kollam,2024-05-05
579,Rahul Menon,Hyderabad,2024-06-25
580,Priya Menon,Ahmedabad,2025-11-29
581,Ananya Joseph,Kolkata,2024-03-07
582,Kavya Verma,Thrissur,2026-07-01
583,Sanjay Reddy,Kolkata,2025-12-27
584,Rohan Joseph,Mumbai,2024-08-17
585,Arjun Kumar,Ahmedabad,2024-05-22
586,Vivek Rao,Thiruvananthapuram,2025-01-04
587,Kavya Shah,Bengaluru,2025-04-23
588,Kavya Patel,Pune,2026-06-24
589,Aditya Menon,Thrissur,2025-02-11
590,Sneha Bhat,Chennai,2026-02-26
591,Meera Shah,Kochi,2024-05-08
592,Ananya Menon,Hyderabad,2025-04-22
593,Neha Joseph,Kozhikode,2026-06-18
594,Kavya Shah,Kozhikode,2026-02-25
595,Rahul Gupta,Mumbai,2026-07-21
596,Vivaan Iyer,Mumbai,2024-06-05
597,Sanjay Reddy,Kozhikode,2024-11-26
598,Vivek Joseph,Mumbai,2026-07-05
599,Sanjay Menon,Thrissur,2024-07-20
600,Kavya Das,Kozhikode,2025-10-02
601,Sanjay Chopra,Mumbai,2024-04-05
602,Neha Reddy,Pune,2026-08-22
603,Pooja Patel,Kozhikode,2025-11-05
604,Anjali Chopra,Bengaluru,2026-05-12
605,Pooja Nair,Jaipur,2026-06-03
606,Aarav Menon,Thiruvananthapuram,2026-08-29
607,Pooja Das,Delhi,2024-08-03
608,Pooja Gupta,Pune,2025-10-16
609,Aarav Rao,Coimbatore,2025-10-04
610,Kavya Pillai,Delhi,2024-11-05
611,Sneha Singh,Ahmedabad,2026-04-06
612,Isha Pillai,Hyderabad,2024-03-15
613,Vivaan Reddy,Hyderabad,2025-03-01
614,Sneha Mishra,Kollam,2024-12-14
615,Anjali Patel,Bengaluru,2026-06-01
616,Ananya Joseph,Chennai,2024-05-13
617,Diya Bhat,Mumbai,2024-04-18
618,Ananya Singh,Hyderabad,2024-05-05
619,Nikhil Mishra,Kollam,2024-05-24
620,Arjun Nair,Thrissur,2026-08-26
621,Isha Chopra,Chennai,2024-09-11
622,Rohan Varma,Coimbatore,2025-08-14
623,Ananya Kumar,Ahmedabad,2024-06-12
624,Sneha Bhat,Hyderabad,2025-05-25
625,Sanjay Rao,Thiruvananthapuram,2024-04-02
626,Isha Bhat,Hyderabad,2024-09-03
627,Kiran Shah,Bengaluru,2024-02-19
628,Vivaan Pillai,Hyderabad,2025-09-03
629,Sneha Pillai,Mumbai,2024-01-09
630,Arjun Gupta,Kozhikode,2026-06-22
631,Nikhil Joseph,Ahmedabad,2025-02-16
632,Diya Nair,Chennai,2024-02-22
633,Pooja Verma,Kollam,2025-01-06
634,Kavya Pillai,Kochi,2025-01-30
635,Neha Mishra,Ahmedabad,2025-07-17
636,Nikhil Chopra,Delhi,2025-09-17
637,Arjun Patel,Kochi,2025-02-07
638,Diya Varma,Mumbai,2026-08-19
639,Diya Patel,Kollam,2025-09-08
640,Neha Thomas,Mumbai,2024-02-11
641,Vivaan Nair,Kozhikode,2025-12-31
642,Ananya Rao,Mumbai,2025-04-12
643,Rahul Chopra,Coimbatore,2025-06-11
644,Rahul Varma,Coimbatore,2025-09-19
645,Ananya Reddy,Chennai,2025-09-23
646,Sanjay Shah,Bengaluru,2025-06-03
647,Neha Verma,Hyderabad,2025-12-26
648,Pooja Pillai,Hyderabad,2026-04-15
649,Aarav Joseph,Bengaluru,2025-11-20
650,Arjun Gupta,Pune,2024-11-11
651,Aarav Chopra,Hyderabad,2024-09-28
652,Pooja Shah,Kollam,2026-01-08
653,Vivaan Shah,Hyderabad,2024-06-23
654,Neha Chopra,Ahmedabad,2026-05-11
655,Isha Patel,Jaipur,2025-11-28
656,Vivek Nair,Pune,2026-08-28
657,Arjun Kumar,Thiruvananthapuram,2025-03-27
658,Ananya Gupta,Kozhikode,2025-02-26
659,Kiran Gupta,Mumbai,2026-03-04
660,Anjali Rao,Jaipur,2026-05-18
661,Vivaan Patel,Mumbai,2024-07-31
662,Kavya Varma,Delhi,2025-05-04
663,Neha Thomas,Bengaluru,2024-06-26
664,Priya Verma,Bengaluru,2025-07-13
665,Diya Das,Pune,2025-05-10
666,Kiran Singh,Thrissur,2025-07-25
667,Sanjay Singh,Thrissur,2026-02-28
668,Sanjay Kumar,Kolkata,2025-12-22
669,Sneha Varma,Hyderabad,2024-12-23
670,Kavya Das,Thrissur,2024-05-04
671,Pooja Verma,Chennai,2026-07-06
672,Isha Joseph,Ahmedabad,2026-04-03
673,Rahul Pillai,Thiruvananthapuram,2024-10-21
674,Aditya Joseph,Coimbatore,2025-03-28
675,Nikhil Rao,Kollam,2024-07-25
676,Kavya Das,Coimbatore,2025-07-29
677,Nikhil Patel,Kochi,2025-09-22
678,Pooja Singh,Kollam,2024-02-21
679,Neha Singh,Delhi,2024-08-26
680,Vivaan Iyer,Chennai,2024-12-04
681,Sneha Iyer,Delhi,2026-02-28
682,Rahul Sharma,Mumbai,2026-08-09
683,Rohan Gupta,Delhi,2026-08-15
684,Sneha Rao,Delhi,2024-07-23
685,Sanjay Varma,Thrissur,2025-10-23
686,Vivaan Menon,Delhi,2025-08-10
687,Vivek Verma,Kolkata,2026-01-10
688,Vivaan Reddy,Chennai,2026-06-22
689,Rohan Nair,Jaipur,2025-02-10
690,Sneha Reddy,Coimbatore,2026-02-05
691,Sanjay Nair,Thiruvananthapuram,2024-11-01
692,Pooja Chopra,Kochi,2026-08-08
693,Ananya Pillai,Hyderabad,2025-10-18
694,Kavya Bhat,Hyderabad,2026-06-29
695,Rahul Bhat,Hyderabad,2024-10-06
696,Kiran Iyer,Bengaluru,2024-06-15
697,Priya Das,Kolkata,2024-07-09
698,Aarav Varma,Ahmedabad,2024-10-29
699,Pooja Kumar,Kozhikode,2025-09-17
700,Isha Gupta,Mumbai,2024-12-01
701,Aditya Thomas,Delhi,2024-04-07
702,Rohan Patel,Hyderabad,2024-11-27
703,Vivek Sharma,Thrissur,2025-01-27
704,Vivek Mishra,Ahmedabad,2024-09-30
705,Ananya Pillai,Pune,2026-01-10
706,Pooja Sharma,Thrissur,2025-10-31
707,Diya Singh,Thiruvananthapuram,2025-11-14
708,Arjun Mishra,Thrissur,2024-06-12
709,Isha Bhat,Coimbatore,2026-07-05
710,Sanjay Iyer,Delhi,2026-07-27
711,Sanjay Joseph,Pune,2024-08-14
712,Vivek Patel,Hyderabad,2024-06-05
713,Priya Chopra,Bengaluru,2025-03-01
714,Kavya Rao,Ahmedabad,2025-07-04
715,Kiran Singh,Delhi,2026-02-11
716,Anjali Menon,Mumbai,2025-04-02
717,Neha Joseph,Kochi,2026-07-28
718,Pooja Iyer,Thiruvananthapuram,2026-04-28
719,Kavya Bhat,Kollam,2025-08-09
720,Kavya Patel,Kozhikode,2024-12-01
721,Neha Mishra,Kochi,2025-11-27
722,Kiran Shah,Hyderabad,2024-04-03
723,Neha Mishra,Ahmedabad,2024-02-26
724,Priya Patel,Mumbai,2025-03-01
725,Priya Shah,Thiruvananthapuram,2025-07-26
726,Priya Pillai,Kolkata,2024-01-23
727,Isha Das,Jaipur,2024-01-04
728,Kiran Shah,Kochi,2024-02-16
729,Meera Joseph,Kolkata,2024-03-06
730,Kavya Nair,Coimbatore,2026-07-04
731,Aditya Rao,Thiruvananthapuram,2024-10-20
732,Meera Reddy,Ahmedabad,2024-05-18
733,Meera Joseph,Coimbatore,2025-01-26
734,Priya Thomas,Chennai,2024-03-23
735,Kavya Patel,Delhi,2026-05-30
736,Diya Iyer,Kozhikode,2025-07-04
737,Isha Bhat,Kozhikode,2026-01-15
738,Vivek Sharma,Ahmedabad,2024-01-24
739,Sanjay Mishra,Delhi,2026-01-06
740,Kavya Gupta,Mumbai,2025-01-23
741,Vivek Singh,Hyderabad,2024-12-20
742,Rahul Das,Kollam,2026-08-17
743,Arjun Nair,Ahmedabad,2025-11-07
744,Meera Chopra,Ahmedabad,2026-08-16
745,Aarav Singh,Kollam,2024-03-09
746,Arjun Chopra,Thiruvananthapuram,2025-04-02
747,Anjali Nair,Kollam,2026-01-28
748,Vivaan Thomas,Hyderabad,2024-08-27
749,Kavya Kumar,Ahmedabad,2026-06-03
750,Vivaan Patel,Mumbai,2024-10-23
751,Vivek Shah,Bengaluru,2025-08-14
752,Anjali Varma,Kollam,2024-11-05
753,Rahul Bhat,Kollam,2025-02-27
754,Sanjay Das,Thiruvananthapuram,2025-07-24
755,Pooja Reddy,Delhi,2025-11-26
756,Meera Verma,Hyderabad,2024-02-18
757,Diya Thomas,Ahmedabad,2025-06-21
758,Ananya Gupta,Chennai,2024-06-01
759,Sanjay Thomas,Kozhikode,2026-02-11
760,Kavya Rao,Kollam,2026-05-19
761,Vivek Pillai,Jaipur,2025-12-25
762,Rahul Mishra,Coimbatore,2024-02-29
763,Kavya Gupta,Chennai,2025-07-24
764,Neha Patel,Chennai,2024-09-05
765,Nikhil Kumar,Bengaluru,2025-10-24
766,Aditya Mishra,Jaipur,2025-01-14
767,Aditya Verma,Kolkata,2026-04-29
768,Kiran Nair,Thrissur,2025-01-21
769,Anjali Chopra,Thiruvananthapuram,2026-06-13
770,Aditya Kumar,Ahmedabad,2026-02-18
771,Pooja Verma,Kollam,2025-05-05
772,Kiran Varma,Thrissur,2026-07-19
773,Aarav Kumar,Coimbatore,2024-07-13
774,Arjun Rao,Coimbatore,2024-09-05
775,Anjali Kumar,Chennai,2026-07-26
776,Vivek Verma,Bengaluru,2026-03-05
777,Sanjay Thomas,Hyderabad,2025-06-30
778,Diya Pillai,Thrissur,2025-01-03
779,Neha Rao,Hyderabad,2024-04-10
780,Sneha Varma,Coimbatore,2024-07-27
781,Diya Varma,Chennai,2024-02-16
782,Pooja Singh,Kolkata,2024-05-29
783,Aarav Das,Mumbai,2026-08-15
784,Pooja Shah,Kolkata,2025-03-03
785,Sanjay Patel,Kollam,2024-12-03
786,Vivek Thomas,Pune,2026-05-03
787,Vivek Rao,Mumbai,2025-11-01
788,Ananya Das,Ahmedabad,2026-04-21
789,Sneha Rao,Hyderabad,2024-06-21
790,Diya Reddy,Kozhikode,2026-01-07
791,Kavya Rao,Kozhikode,2026-07-27
792,Kavya Nair,Mumbai,2024-02-04
793,Aditya Nair,Ahmedabad,2024-01-07
794,Meera Patel,Jaipur,2025-10-07
795,Vivek Menon,Kolkata,2024-06-03
796,Aarav Kumar,Mumbai,2025-04-11
797,Diya Nair,Pune,2025-10-15
798,Anjali Rao,Delhi,2025-05-14
799,Aarav Sharma,Mumbai,2025-07-18
800,Meera Sharma,Thiruvananthapuram,2025-06-26
801,Nikhil Verma,Thrissur,2024-01-18
802,Neha Gupta,Ahmedabad,2026-08-20
803,Rohan Iyer,Coimbatore,2024-04-08
804,Neha Patel,Kollam,2024-07-15
805,Anjali Bhat,Thrissur,2026-04-14
806,Diya Das,Ahmedabad,2025-02-10
807,Aditya Joseph,Chennai,2025-04-15
808,Pooja Singh,Kolkata,2024-08-19
809,Sanjay Menon,Delhi,2026-05-28
810,Vivaan Menon,Chennai,2025-01-23
811,Isha Verma,Hyderabad,2024-02-27
812,Aarav Reddy,Kochi,2025-05-26
813,Meera Varma,Pune,2026-05-28
814,Arjun Bhat,Coimbatore,2024-02-13
815,Vivek Kumar,Coimbatore,2026-06-07
816,Pooja Rao,Thrissur,2024-02-17
817,Aditya Das,Coimbatore,2025-07-10
818,Pooja Nair,Kozhikode,2026-08-09
819,Ananya Sharma,Kollam,2025-08-24
820,Rahul Thomas,Coimbatore,2024-03-19
821,Sanjay Reddy,Pune,2024-09-03
822,Pooja Thomas,Delhi,2026-07-07
823,Kavya Varma,Chennai,2026-02-12
824,Rahul Menon,Mumbai,2026-02-02
825,Diya Nair,Kochi,2025-03-23
826,Vivek Menon,Bengaluru,2025-09-11
827,Anjali Chopra,Chennai,2026-03-03
828,Ananya Sharma,Delhi,2024-10-06
829,Priya Rao,Kollam,2024-12-30
830,Kavya Thomas,Chennai,2024-07-09
831,Pooja Thomas,Kochi,2026-03-01
832,Anjali Pillai,Ahmedabad,2024-09-09
833,Aditya Menon,Thrissur,2024-06-06
834,Isha Patel,Kolkata,2025-02-02
835,Ananya Joseph,Kochi,2024-04-03
836,Aarav Pillai,Hyderabad,2025-01-03
837,Nikhil Iyer,Kozhikode,2024-03-30
838,Rohan Gupta,Hyderabad,2025-07-24
839,Kavya Bhat,Chennai,2024-04-15
840,Aarav Menon,Bengaluru,2025-07-21
841,Aditya Chopra,Pune,2026-03-14
842,Ananya Thomas,Thiruvananthapuram,2024-10-25
843,Meera Thomas,Ahmedabad,2024-03-27
844,Kavya Singh,Pune,2025-06-17
845,Rohan Thomas,Kozhikode,2024-05-22
846,Nikhil Pillai,Thrissur,2025-05-19
847,Rahul Menon,Kozhikode,2025-03-21
848,Nikhil Gupta,Thrissur,2025-05-10
849,Aditya Joseph,Thrissur,2026-08-24
850,Vivek Rao,Pune,2025-09-23
851,Kiran Mishra,Kochi,2024-05-18
852,Sanjay Sharma,Chennai,2024-12-06
853,Anjali Thomas,Ahmedabad,2026-06-01
854,Ananya Mishra,Bengaluru,2025-03-16
855,Anjali Patel,Thrissur,2024-11-24
856,Anjali Kumar,Hyderabad,2024-11-17
857,Rohan Thomas,Bengaluru,2024-10-25
858,Sneha Shah,Ahmedabad,2024-09-05
859,Ananya Thomas,Thrissur,2026-04-16
860,Isha Joseph,Kochi,2026-08-12
861,Pooja Kumar,Pune,2025-07-12
862,Rohan Verma,Thiruvananthapuram,2026-01-14
863,Priya Kumar,Hyderabad,2026-03-27
864,Sanjay Menon,Jaipur,2026-05-18
865,Meera Rao,Kozhikode,2025-10-10
866,Sanjay Singh,Thrissur,2025-11-05
867,Rahul Gupta,Ahmedabad,2025-01-21
868,Aditya Mishra,Pune,2025-05-05
869,Pooja Thomas,Mumbai,2025-06-02
870,Meera Verma,Thiruvananthapuram,2026-03-20
871,Diya Verma,Pune,2025-10-15
872,Aditya Iyer,Ahmedabad,2024-09-11
873,Diya Reddy,Delhi,2025-09-19
874,Vivaan Shah,Delhi,2025-11-24
875,Isha Varma,Ahmedabad,2025-03-16
876,Arjun Sharma,Kochi,2024-09-21
877,Vivek Bhat,Kolkata,2025-06-15
878,Kavya Shah,Kolkata,2025-08-12
879,Vivek Mishra,Bengaluru,2025-02-04
880,Priya Shah,Kolkata,2025-05-27
881,Rahul Joseph,Thiruvananthapuram,2025-05-09
882,Arjun Pillai,Chennai,2026-07-31
883,Aditya Iyer,Jaipur,2026-08-21
884,Rahul Joseph,Thrissur,2024-12-17
885,Priya Kumar,Mumbai,2025-05-09
886,Diya Rao,Kochi,2025-03-24
887,Priya Varma,Kochi,2024-11-03
888,Vivaan Iyer,Thiruvananthapuram,2026-05-19
889,Ananya Iyer,Delhi,2026-03-30
890,Rohan Singh,Mumbai,2024-06-27
891,Kavya Reddy,Bengaluru,2025-07-27
892,Meera Mishra,Kollam,2026-03-27
893,Isha Reddy,Kozhikode,2025-10-17
894,Meera Thomas,Thiruvananthapuram,2026-01-25
895,Anjali Kumar,Hyderabad,2025-08-29
896,Meera Thomas,Thiruvananthapuram,2025-12-22
897,Kiran Kumar,Thrissur,2026-02-09
898,Aditya Shah,Kochi,2026-03-29
899,Kavya Reddy,Bengaluru,2024-11-29
900,Kiran Mishra,Kochi,2024-09-25
901,Sneha Bhat,Delhi,2024-11-16
902,Anjali Thomas,Pune,2025-02-05
903,Pooja Iyer,Bengaluru,2024-12-26
904,Priya Chopra,Kozhikode,2026-04-13
905,Sanjay Chopra,Pune,2024-03-27
906,Rahul Varma,Kochi,2024-09-01
907,Sanjay Iyer,Kozhikode,2025-01-17
908,Rahul Bhat,Chennai,2025-03-04
909,Anjali Patel,Pune,2025-01-27
910,Meera Reddy,Hyderabad,2025-10-12
911,Kavya Reddy,Mumbai,2024-06-19
912,Sneha Pillai,Kozhikode,2024-07-10
913,Ananya Mishra,Pune,2024-02-24
914,Diya Sharma,Hyderabad,2024-05-19
915,Kiran Thomas,Mumbai,2025-06-01
916,Sneha Gupta,Delhi,2025-05-18
917,Meera Mishra,Hyderabad,2024-06-20
918,Aditya Shah,Thiruvananthapuram,2026-03-25
919,Vivek Pillai,Thiruvananthapuram,2024-10-08
920,Vivek Verma,Thrissur,2024-06-21
921,Priya Shah,Kolkata,2026-03-02
922,Sneha Verma,Mumbai,2024-04-25
923,Pooja Iyer,Thrissur,2026-03-04
924,Kavya Joseph,Mumbai,2026-04-22
925,Vivaan Mishra,Mumbai,2024-08-11
926,Meera Iyer,Kolkata,2026-04-29
927,Vivek Pillai,Jaipur,2024-02-03
928,Priya Das,Bengaluru,2026-06-01
929,Aditya Mishra,Jaipur,2024-04-30
930,Vivek Kumar,Ahmedabad,2026-01-25
931,Pooja Joseph,Jaipur,2025-12-28
932,Anjali Gupta,Kozhikode,2025-09-22
933,Rahul Kumar,Jaipur,2024-07-30
934,Vivaan Shah,Bengaluru,2025-06-29
935,Nikhil Chopra,Mumbai,2024-06-21
936,Ananya Pillai,Thrissur,2025-08-09
937,Nikhil Bhat,Coimbatore,2025-11-26
938,Arjun Patel,Ahmedabad,2026-03-15
939,Meera Nair,Thrissur,2026-06-06
940,Rahul Patel,Kollam,2024-05-29
941,Ananya Singh,Ahmedabad,2026-05-13
942,Isha Rao,Kozhikode,2025-08-14
943,Nikhil Gupta,Chennai,2025-04-07
944,Aditya Menon,Chennai,2025-06-11
945,Nikhil Joseph,Hyderabad,2026-08-31
946,Sneha Varma,Pune,2024-01-03
947,Aditya Mishra,Delhi,2025-11-11
948,Diya Menon,Ahmedabad,2025-07-01
949,Isha Kumar,Chennai,2026-04-24
950,Kiran Rao,Thrissur,2024-11-26
951,Sanjay Varma,Mumbai,2025-08-14
952,Rahul Shah,Jaipur,2025-05-11
953,Ananya Nair,Thiruvananthapuram,2024-04-11
954,Priya Sharma,Kochi,2026-08-09
955,Rohan Mishra,Hyderabad,2024-01-01
956,Meera Kumar,Kolkata,2026-07-20
957,Rahul Pillai,Kozhikode,2026-06-14
958,Nikhil Menon,Delhi,2025-01-04
959,Nikhil Menon,Bengaluru,2025-11-11
960,Rohan Nair,Chennai,2025-10-02
961,Sanjay Singh,Chennai,2025-11-02
962,Aditya Iyer,Thiruvananthapuram,2024-08-06
963,Sneha Menon,Kozhikode,2025-08-30
964,Vivek Bhat,Delhi,2025-03-31
965,Aarav Sharma,Kolkata,2024-12-17
966,Arjun Gupta,Kolkata,2024-05-15
967,Sneha Menon,Kollam,2025-01-27
968,Aditya Iyer,Kochi,2024-11-16
969,Diya Pillai,Kozhikode,2025-01-26
970,Rahul Patel,Kochi,2025-06-27
971,Pooja Sharma,Pune,2025-10-27
972,Rohan Mishra,Bengaluru,2026-01-09
973,Kiran Patel,Coimbatore,2025-02-25
974,Anjali Mishra,Jaipur,2024-08-10
975,Aditya Iyer,Kozhikode,2026-02-09
976,Arjun Shah,Kolkata,2025-01-28
977,Diya Gupta,Bengaluru,2026-03-21
978,Rahul Singh,Thrissur,2025-10-22
979,Aditya Singh,Mumbai,2025-09-07
980,Anjali Chopra,Thrissur,2026-03-08
981,Aarav Pillai,Kollam,2025-06-14
982,Anjali Bhat,Kollam,2026-02-04
983,Isha Pillai,Delhi,2024-02-25
984,Vivek Rao,Chennai,2024-04-25
985,Vivek Rao,Delhi,2025-08-31
986,Aditya Bhat,Coimbatore,2024-01-13
987,Diya Varma,Kozhikode,2025-01-31
988,Pooja Gupta,Bengaluru,2025-07-13
989,Rohan Rao,Ahmedabad,2024-03-15
990,Aarav Shah,Kochi,2024-01-15
991,Nikhil Kumar,Thiruvananthapuram,2026-08-02
992,Vivaan Thomas,Mumbai,2024-10-20
993,Neha Gupta,Chennai,2025-12-19
994,Isha Menon,Delhi,2025-07-03
995,Kavya Chopra,Kozhikode,2024-10-11
996,Aditya Pillai,Kochi,2025-06-07
997,Kiran Patel,Mumbai,2024-11-30
998,Isha Shah,Delhi,2026-02-20
999,Aditya Pillai,Kolkata,2025-03-23
1000,Vivek Nair,Kollam,2024-03-29
1001,Meera Iyer,Hyderabad,2025-09-18
1002,Anjali Nair,Thrissur,2025-11-13
1003,Rohan Iyer,Thiruvananthapuram,2025-12-25
1004,Rahul Sharma,Kozhikode,2025-05-23
1005,Diya Bhat,Mumbai,2026-03-12
1006,Nikhil Reddy,Bengaluru,2024-05-09
1007,Nikhil Iyer,Ahmedabad,2026-07-10
1008,Aarav Varma,Ahmedabad,2025-03-15
1009,Nikhil Bhat,Kochi,2024-09-26
1010,Pooja Menon,Hyderabad,2025-04-11
1011,Neha Joseph,Thiruvananthapuram,2025-05-26
1012,Pooja Reddy,Bengaluru,2024-06-10
1013,Nikhil Iyer,Coimbatore,2025-08-10
1014,Arjun Singh,Kolkata,2025-06-05
1015,Aarav Nair,Jaipur,2026-06-02
1016,Aarav Singh,Thiruvananthapuram,2025-04-28
1017,Diya Thomas,Coimbatore,2024-06-02
1018,Rohan Nair,Mumbai,2026-04-02
1019,Meera Singh,Bengaluru,2024-09-11
1020,Meera Varma,Thrissur,2026-04-25
1021,Aditya Shah,Bengaluru,2024-05-02
1022,Neha Nair,Kozhikode,2024-08-16
1023,Neha Nair,Chennai,2024-03-11
1024,Priya Pillai,Ahmedabad,2026-05-15
1025,Sanjay Varma,Kochi,2025-07-20
1026,Priya Sharma,Bengaluru,2024-07-24
1027,Sanjay Shah,Ahmedabad,2024-11-07
1028,Anjali Singh,Hyderabad,2025-01-12
1029,Pooja Rao,Ahmedabad,2026-03-05
1030,Kiran Verma,Ahmedabad,2026-03-26
1031,Vivek Patel,Thiruvananthapuram,2026-08-12
1032,Meera Sharma,Kollam,2025-07-08
1033,Diya Sharma,Bengaluru,2024-01-02
1034,Isha Pillai,Kochi,2024-07-29
1035,Neha Singh,Chennai,2025-05-18
1036,Vivaan Patel,Kolkata,2024-10-13
1037,Aditya Nair,Coimbatore,2024-08-25
1038,Neha Gupta,Kolkata,2026-07-06
1039,Diya Mishra,Kolkata,2024-03-27
1040,Pooja Iyer,Mumbai,2024-05-16
1041,Isha Menon,Pune,2025-08-04
1042,Vivaan Gupta,Delhi,2024-05-13
1043,Vivek Pillai,Thrissur,2026-05-21
1044,Ananya Thomas,Kolkata,2026-05-01
1045,Ananya Varma,Hyderabad,2024-10-05
1046,Vivek Menon,Kollam,2024-05-19
1047,Pooja Iyer,Kozhikode,2024-04-18
1048,Rohan Mishra,Hyderabad,2024-11-17
1049,Meera Iyer,Mumbai,2025-01-01
1050,Kiran Mishra,Thrissur,2025-04-19
1051,Nikhil Iyer,Kochi,2024-06-10
1052,Sanjay Chopra,Thiruvananthapuram,2024-08-08
1053,Ananya Patel,Kochi,2025-12-29
1054,Vivek Joseph,Chennai,2025-06-09
1055,Vivaan Pillai,Thrissur,2026-04-19
1056,Rohan Sharma,Chennai,2026-05-25
1057,Priya Verma,Kolkata,2025-07-17
1058,Vivek Iyer,Hyderabad,2024-04-14
1059,Rahul Iyer,Thiruvananthapuram,2024-03-04
1060,Vivek Patel,Kollam,2026-04-23
1061,Isha Joseph,Delhi,2025-10-07
1062,Aditya Shah,Pune,2024-09-22
1063,Aditya Sharma,Kochi,2024-07-21
1064,Priya Patel,Kochi,2026-07-15
1065,Ananya Iyer,Thiruvananthapuram,2026-08-22
1066,Priya Nair,Kozhikode,2026-08-04
1067,Pooja Gupta,Jaipur,2026-01-11
1068,Isha Rao,Thiruvananthapuram,2025-01-26
1069,Meera Reddy,Bengaluru,2024-08-07
1070,Rohan Das,Thrissur,2025-04-01
1071,Rahul Nair,Pune,2025-09-26
1072,Anjali Singh,Delhi,2024-10-29
1073,Sneha Gupta,Coimbatore,2025-07-17
1074,Sneha Nair,Kochi,2024-10-13
1075,Isha Patel,Chennai,2024-07-23
1076,Neha Singh,Delhi,2026-04-01
1077,Kavya Sharma,Chennai,2026-03-11
1078,Diya Rao,Mumbai,2026-03-11
1079,Sneha Joseph,Coimbatore,2025-08-02
1080,Neha Varma,Chennai,2024-10-03
1081,Rohan Sharma,Bengaluru,2025-09-03
1082,Vivek Sharma,Coimbatore,2026-04-10
1083,Nikhil Nair,Ahmedabad,2025-04-28
1084,Neha Joseph,Ahmedabad,2025-08-21
1085,Vivek Reddy,Kochi,2024-09-10
1086,Vivek Das,Mumbai,2026-04-15
1087,Vivaan Singh,Pune,2026-05-16
1088,Isha Joseph,Coimbatore,2026-05-09
1089,Rohan Reddy,Kollam,2025-08-29
1090,Ananya Joseph,Coimbatore,2025-08-28
1091,Aarav Joseph,Pune,2025-07-31
1092,Rahul Shah,Kollam,2026-05-06
1093,Sneha Verma,Thrissur,2024-06-28
1094,Sneha Nair,Kochi,2024-02-27
1095,Vivek Chopra,Kollam,2024-01-21
1096,Neha Rao,Thiruvananthapuram,2024-12-05
1097,Anjali Kumar,Ahmedabad,2024-05-13
1098,Ananya Reddy,Coimbatore,2026-04-01
1099,Ananya Nair,Thiruvananthapuram,2024-05-31
1100,Pooja Patel,Ahmedabad,2024-04-23
1101,Neha Joseph,Kochi,2025-01-17
1102,Isha Shah,Kochi,2024-12-10
1103,Sanjay Varma,Kozhikode,2024-06-10
1104,Meera Rao,Delhi,2024-11-20
1105,Rohan Verma,Kolkata,2026-06-29
1106,Anjali Joseph,Kollam,2025-11-12
1107,Pooja Reddy,Chennai,2024-11-10
1108,Sanjay Patel,Kozhikode,2026-01-16
1109,Aarav Shah,Chennai,2026-05-21
1110,Pooja Nair,Kozhikode,2025-09-08
1111,Ananya Chopra,Kollam,2025-10-16
1112,Pooja Iyer,Coimbatore,2025-05-23
1113,Rahul Varma,Kolkata,2024-03-20
1114,Vivek Joseph,Bengaluru,2024-06-20
1115,Aditya Varma,Hyderabad,2024-01-12
1116,Nikhil Kumar,Kollam,2025-12-10
1117,Aditya Joseph,Thrissur,2026-03-16
1118,Arjun Sharma,Thiruvananthapuram,2025-01-30
1119,Priya Gupta,Kozhikode,2026-06-24
1120,Meera Rao,Coimbatore,2025-01-22
1121,Diya Verma,Chennai,2024-04-13
1122,Sneha Shah,Delhi,2026-02-15
1123,Vivek Reddy,Hyderabad,2024-03-16
1124,Vivaan Pillai,Thiruvananthapuram,2024-11-22
1125,Nikhil Iyer,Kochi,2024-12-16
1126,Rohan Thomas,Kozhikode,2026-01-19
1127,Aditya Verma,Coimbatore,2024-04-05
1128,Ananya Chopra,Pune,2026-07-03
1129,Sneha Sharma,Chennai,2026-08-23
1130,Rohan Chopra,Coimbatore,2025-03-20
1131,Rohan Nair,Kochi,2024-12-05
1132,Kiran Kumar,Chennai,2025-12-14
1133,Kavya Verma,Thrissur,2025-11-07
1134,Sanjay Pillai,Kollam,2024-04-08
1135,Vivaan Thomas,Pune,2025-07-16
1136,Sneha Patel,Thiruvananthapuram,2025-01-04
1137,Aarav Gupta,Kochi,2024-10-28
1138,Anjali Rao,Kollam,2024-04-09
1139,Aarav Kumar,Kozhikode,2025-10-15
1140,Sanjay Menon,Hyderabad,2026-05-14
1141,Arjun Pillai,Ahmedabad,2025-02-11
1142,Sneha Rao,Coimbatore,2025-11-07
1143,Nikhil Menon,Delhi,2025-07-11
1144,Isha Reddy,Bengaluru,2026-06-25
1145,Isha Joseph,Kozhikode,2025-04-01
1146,Vivaan Das,Hyderabad,2025-04-21
1147,Nikhil Singh,Jaipur,2024-10-02
1148,Pooja Nair,Kozhikode,2026-02-09
1149,Arjun Menon,Delhi,2024-12-18
1150,Kavya Gupta,Ahmedabad,2025-08-26
1151,Vivek Verma,Thiruvananthapuram,2026-05-10
1152,Isha Bhat,Chennai,2025-07-02
1153,Sneha Shah,Coimbatore,2024-08-29
1154,Sneha Pillai,Kochi,2025-02-08
1155,Vivaan Bhat,Pune,2026-07-11
1156,Neha Shah,Delhi,2025-09-27
1157,Rahul Iyer,Ahmedabad,2025-04-04
1158,Rohan Reddy,Kollam,2026-04-07
1159,Kiran Patel,Thiruvananthapuram,2025-03-09
1160,Aditya Gupta,Kollam,2026-04-22
1161,Rahul Chopra,Thrissur,2024-11-23
1162,Aditya Menon,Chennai,2025-07-23
1163,Isha Verma,Bengaluru,2026-05-27
1164,Nikhil Bhat,Hyderabad,2026-07-28
1165,Aarav Chopra,Pune,2025-06-19
1166,Meera Iyer,Chennai,2024-06-02
1167,Rahul Shah,Pune,2025-08-19
1168,Arjun Iyer,Pune,2026-03-09
1169,Arjun Pillai,Jaipur,2025-07-02
1170,Diya Gupta,Thrissur,2025-01-27
1171,Sneha Shah,Pune,2025-04-29
1172,Vivaan Reddy,Thrissur,2025-02-16
1173,Rahul Chopra,Pune,2025-11-28
1174,Isha Nair,Chennai,2026-06-29
1175,Ananya Singh,Thiruvananthapuram,2026-02-02
1176,Sneha Das,Coimbatore,2025-01-16
1177,Aarav Varma,Jaipur,2026-03-23
1178,Sanjay Pillai,Thrissur,2026-05-13
1179,Sneha Iyer,Jaipur,2024-08-21
1180,Rahul Pillai,Kolkata,2025-03-29
1181,Ananya Das,Kolkata,2025-03-02
1182,Anjali Menon,Kollam,2025-03-28
1183,Kiran Gupta,Kolkata,2025-05-11
1184,Neha Joseph,Jaipur,2024-02-27
1185,Neha Reddy,Kochi,2024-11-14
1186,Neha Thomas,Kozhikode,2026-03-10
1187,Neha Shah,Thiruvananthapuram,2024-06-26
1188,Kiran Kumar,Jaipur,2024-02-29
1189,Vivek Nair,Hyderabad,2024-02-21
1190,Diya Kumar,Thrissur,2025-01-12
1191,Priya Bhat,Chennai,2025-10-12
1192,Arjun Sharma,Kollam,2025-01-16
1193,Sneha Chopra,Hyderabad,2024-06-30
1194,Sneha Shah,Mumbai,2024-12-24
1195,Diya Reddy,Jaipur,2026-07-04
1196,Nikhil Menon,Thrissur,2024-01-29
1197,Isha Nair,Kozhikode,2026-05-24
1198,Pooja Kumar,Jaipur,2024-08-14
1199,Vivek Kumar,Thrissur,2025-10-29
1200,Meera Bhat,Thiruvananthapuram,2026-06-04
1201,Aarav Rao,Coimbatore,2024-05-15
1202,Rohan Chopra,Ahmedabad,2024-01-09
1203,Vivek Das,Pune,2026-04-04
1204,Sanjay Das,Chennai,2026-07-05
1205,Isha Joseph,Hyderabad,2024-09-15
1206,Kiran Mishra,Thrissur,2025-11-24
1207,Neha Chopra,Chennai,2025-08-21
1208,Arjun Sharma,Mumbai,2025-11-09
1209,Diya Verma,Delhi,2025-08-31
1210,Anjali Pillai,Thrissur,2025-12-01
1211,Arjun Rao,Kochi,2024-12-10
1212,Nikhil Varma,Jaipur,2024-10-10
1213,Nikhil Pillai,Kollam,2024-06-02
1214,Neha Singh,Coimbatore,2024-02-28
1215,Anjali Thomas,Delhi,2024-11-23
1216,Rahul Sharma,Delhi,2025-05-24
1217,Sanjay Das,Coimbatore,2025-03-04
1218,Isha Thomas,Kolkata,2024-02-06
1219,Pooja Shah,Jaipur,2024-07-13
1220,Ananya Singh,Delhi,2025-07-01
1221,Sneha Joseph,Mumbai,2024-11-03
1222,Rohan Verma,Kozhikode,2024-10-27
1223,Arjun Rao,Kozhikode,2026-01-28
1224,Nikhil Verma,Ahmedabad,2026-07-23
1225,Rohan Varma,Delhi,2024-04-01
1226,Vivek Joseph,Kollam,2026-02-01
1227,Sanjay Gupta,Ahmedabad,2026-06-27
1228,Ananya Joseph,Thrissur,2025-08-22
1229,Sanjay Mishra,Jaipur,2024-04-30
1230,Sneha Nair,Jaipur,2025-10-11
1231,Pooja Shah,Pune,2024-03-13
1232,Sneha Kumar,Mumbai,2024-05-02
1233,Isha Bhat,Thrissur,2025-02-27
1234,Vivaan Patel,Kozhikode,2024-07-24
1235,Ananya Gupta,Pune,2026-07-03
1236,Priya Patel,Bengaluru,2026-06-02
1237,Rohan Menon,Hyderabad,2024-12-06
1238,Rohan Varma,Delhi,2024-02-29
1239,Aarav Mishra,Thrissur,2024-08-02
1240,Rohan Shah,Ahmedabad,2024-06-11
1241,Sneha Menon,Kozhikode,2025-09-21
1242,Meera Gupta,Chennai,2025-03-15
1243,Sneha Thomas,Thiruvananthapuram,2024-02-08
1244,Kavya Kumar,Kolkata,2025-01-17
1245,Aarav Varma,Ahmedabad,2026-05-03
1246,Neha Kumar,Thiruvananthapuram,2025-11-23
1247,Aarav Singh,Kollam,2025-12-11
1248,Diya Pillai,Kozhikode,2024-04-15
1249,Isha Bhat,Pune,2024-11-09
1250,Rohan Menon,Jaipur,2024-02-16
1251,Sanjay Pillai,Hyderabad,2026-01-15
1252,Neha Chopra,Mumbai,2024-12-11
1253,Meera Patel,Bengaluru,2026-07-12
1254,Sneha Joseph,Ahmedabad,2024-07-11
1255,Rohan Thomas,Thiruvananthapuram,2024-08-21
1256,Vivek Patel,Kollam,2026-01-21
1257,Aarav Shah,Mumbai,2024-06-22
1258,Arjun Joseph,Kolkata,2025-10-28
1259,Vivaan Thomas,Coimbatore,2025-10-17
1260,Nikhil Verma,Pune,2024-02-19
1261,Anjali Nair,Delhi,2024-04-20
1262,Aarav Nair,Kolkata,2024-04-28
1263,Meera Mishra,Chennai,2024-05-06
1264,Kavya Das,Hyderabad,2025-12-19
1265,Rahul Kumar,Kolkata,2025-12-03
1266,Aarav Pillai,Chennai,2025-11-08
1267,Arjun Bhat,Thrissur,2025-09-29
1268,Anjali Patel,Chennai,2026-04-30
1269,Arjun Bhat,Kolkata,2025-09-24
1270,Arjun Pillai,Kochi,2026-03-14
1271,Arjun Rao,Kollam,2025-09-15
1272,Kiran Das,Jaipur,2025-06-19
1273,Kiran Joseph,Kolkata,2025-02-23
1274,Sanjay Reddy,Thiruvananthapuram,2025-07-15
1275,Sneha Kumar,Kolkata,2026-08-13
1276,Sneha Varma,Kollam,2024-01-03
1277,Aarav Menon,Coimbatore,2024-04-23
1278,Pooja Rao,Kozhikode,2026-08-30
1279,Aditya Bhat,Kochi,2026-01-10
1280,Arjun Das,Delhi,2024-08-24
1281,Priya Pillai,Thrissur,2025-04-20
1282,Vivaan Iyer,Jaipur,2024-06-27
1283,Vivaan Pillai,Bengaluru,2026-03-31
1284,Ananya Gupta,Kolkata,2024-04-28
1285,Arjun Nair,Thiruvananthapuram,2026-05-22
1286,Rahul Reddy,Bengaluru,2025-01-01
1287,Priya Chopra,Thrissur,2026-06-18
1288,Aditya Joseph,Jaipur,2024-12-16
1289,Rohan Iyer,Chennai,2025-02-13
1290,Priya Das,Jaipur,2025-01-29
1291,Sneha Gupta,Delhi,2026-06-26
1292,Rohan Iyer,Kozhikode,2025-12-13
1293,Vivaan Reddy,Kochi,2025-03-02
1294,Pooja Rao,Ahmedabad,2025-08-05
1295,Priya Reddy,Pune,2025-01-23
1296,Diya Chopra,Thiruvananthapuram,2026-06-02
1297,Rahul Rao,Coimbatore,2025-05-14
1298,Arjun Gupta,Hyderabad,2024-02-17
1299,Aditya Das,Delhi,2024-11-17
1300,Aarav Bhat,Ahmedabad,2026-01-31
1301,Pooja Shah,Kollam,2025-11-16
1302,Ananya Bhat,Mumbai,2025-12-05
1303,Anjali Iyer,Chennai,2025-11-08
1304,Vivek Rao,Bengaluru,2025-11-10
1305,Isha Patel,Jaipur,2026-04-26
1306,Kavya Chopra,Thiruvananthapuram,2024-01-12
1307,Rohan Bhat,Jaipur,2025-04-25
1308,Sneha Reddy,Kochi,2026-02-08
1309,Sneha Varma,Kollam,2024-12-04
1310,Nikhil Nair,Mumbai,2024-08-16
1311,Kavya Thomas,Chennai,2026-04-16
1312,Vivek Menon,Hyderabad,2025-03-30
1313,Pooja Mishra,Kochi,2026-05-27
1314,Sneha Mishra,Bengaluru,2024-05-01
1315,Sneha Sharma,Kochi,2025-02-17
1316,Meera Nair,Mumbai,2025-07-16
1317,Aarav Menon,Ahmedabad,2025-09-10
1318,Anjali Pillai,Coimbatore,2025-06-04
1319,Kavya Kumar,Delhi,2025-11-18
1320,Priya Varma,Bengaluru,2026-04-25
1321,Vivaan Singh,Jaipur,2025-04-10
1322,Ananya Verma,Ahmedabad,2025-09-26
1323,Anjali Rao,Kolkata,2025-11-03
1324,Diya Mishra,Kochi,2024-04-09
1325,Vivek Sharma,Bengaluru,2024-12-29
1326,Sanjay Verma,Mumbai,2025-01-17
1327,Arjun Nair,Coimbatore,2024-06-17
1328,Sneha Patel,Jaipur,2026-01-04
1329,Meera Iyer,Thrissur,2025-09-17
1330,Kiran Kumar,Kochi,2026-08-10
1331,Isha Kumar,Hyderabad,2026-04-24
1332,Kiran Varma,Kochi,2026-02-14
1333,Meera Nair,Coimbatore,2025-10-10
1334,Pooja Iyer,Ahmedabad,2026-07-02
1335,Priya Mishra,Delhi,2025-08-26
1336,Neha Patel,Hyderabad,2024-01-05
1337,Neha Nair,Mumbai,2026-08-15
1338,Meera Shah,Hyderabad,2026-08-04
1339,Neha Reddy,Kolkata,2025-08-15
1340,Rohan Patel,Kochi,2025-01-31
1341,Anjali Chopra,Coimbatore,2024-11-25
1342,Neha Thomas,Chennai,2025-09-15
1343,Vivek Das,Chennai,2024-12-17
1344,Sanjay Mishra,Ahmedabad,2024-05-16
1345,Rahul Gupta,Pune,2025-12-17
1346,Neha Pillai,Jaipur,2025-12-19
1347,Kavya Varma,Kolkata,2026-01-24
1348,Kavya Kumar,Kollam,2024-08-02
1349,Anjali Pillai,Delhi,2024-12-19
1350,Rahul Reddy,Mumbai,2025-07-09
1351,Ananya Iyer,Ahmedabad,2024-12-26
1352,Kavya Rao,Pune,2025-08-07
1353,Meera Verma,Thrissur,2026-06-17
1354,Meera Sharma,Mumbai,2024-04-19
1355,Aarav Thomas,Kozhikode,2024-02-24
1356,Vivaan Kumar,Thrissur,2026-02-07
1357,Rohan Pillai,Delhi,2024-09-13
1358,Rahul Nair,Kolkata,2026-03-14
1359,Sanjay Kumar,Ahmedabad,2025-07-08
1360,Vivaan Joseph,Jaipur,2025-04-08
1361,Arjun Chopra,Jaipur,2025-11-22
1362,Kavya Singh,Kolkata,2025-10-24
1363,Kavya Thomas,Kollam,2025-06-07
1364,Sanjay Nair,Coimbatore,2025-01-25
1365,Isha Gupta,Ahmedabad,2025-12-02
1366,Ananya Verma,Thiruvananthapuram,2024-01-14
1367,Nikhil Kumar,Pune,2026-06-08
1368,Priya Singh,Coimbatore,2025-10-10
1369,Diya Shah,Mumbai,2026-01-26
1370,Anjali Kumar,Ahmedabad,2026-01-12
1371,Kiran Pillai,Hyderabad,2024-06-30
1372,Aditya Reddy,Kozhikode,2026-01-22
1373,Neha Iyer,Chennai,2024-02-11
1374,Meera Das,Mumbai,2024-09-27
1375,Rahul Reddy,Pune,2026-05-16
1376,Nikhil Sharma,Bengaluru,2025-04-22
1377,Rahul Nair,Kozhikode,2026-08-08
1378,Ananya Chopra,Thiruvananthapuram,2026-03-03
1379,Anjali Pillai,Hyderabad,2026-03-19
1380,Pooja Verma,Bengaluru,2024-03-15
1381,Ananya Bhat,Kollam,2024-07-07
1382,Neha Menon,Ahmedabad,2025-06-01
1383,Rohan Gupta,Mumbai,2025-07-03
1384,Isha Menon,Bengaluru,2024-08-14
1385,Kiran Varma,Bengaluru,2025-01-04
1386,Sanjay Kumar,Ahmedabad,2025-09-25
1387,Neha Rao,Mumbai,2026-04-23
1388,Aarav Iyer,Delhi,2024-12-20
1389,Priya Singh,Coimbatore,2025-10-19
1390,Anjali Chopra,Kollam,2024-02-10
1391,Ananya Thomas,Coimbatore,2026-03-26
1392,Arjun Thomas,Thrissur,2025-07-07
1393,Sanjay Sharma,Coimbatore,2025-06-13
1394,Diya Bhat,Ahmedabad,2025-06-04
1395,Priya Rao,Thiruvananthapuram,2024-10-30
1396,Kiran Varma,Mumbai,2024-03-25
1397,Arjun Reddy,Ahmedabad,2025-07-04
1398,Kavya Sharma,Delhi,2024-03-08
1399,Kiran Kumar,Jaipur,2025-12-02
1400,Meera Iyer,Kollam,2025-07-04
1401,Meera Menon,Kolkata,2025-12-03
1402,Rahul Sharma,Hyderabad,2026-01-04
1403,Ananya Nair,Kochi,2024-03-16
1404,Vivaan Reddy,Ahmedabad,2024-09-14
1405,Kavya Menon,Pune,2026-04-21
1406,Vivek Das,Chennai,2025-02-01
1407,Priya Thomas,Chennai,2024-11-19
1408,Aarav Thomas,Delhi,2024-05-01
1409,Kavya Sharma,Delhi,2026-01-07
1410,Anjali Menon,Ahmedabad,2026-02-02
1411,Pooja Nair,Kolkata,2026-05-18
1412,Aditya Joseph,Coimbatore,2025-05-29
1413,Arjun Pillai,Ahmedabad,2025-12-03
1414,Sanjay Chopra,Kochi,2024-10-15
1415,Priya Thomas,Chennai,2026-04-21
1416,Aarav Rao,Kozhikode,2025-06-30
1417,Vivek Patel,Kolkata,2025-02-04
1418,Kavya Pillai,Delhi,2024-05-27
1419,Sanjay Joseph,Thiruvananthapuram,2025-07-20
1420,Kavya Patel,Kochi,2024-02-12
1421,Aarav Shah,Pune,2025-02-07
1422,Kavya Verma,Kochi,2024-11-08
1423,Kiran Joseph,Kollam,2025-02-26
1424,Neha Patel,Kozhikode,2024-07-07
1425,Vivek Chopra,Jaipur,2024-09-15
1426,Kiran Iyer,Kozhikode,2025-11-18
1427,Pooja Nair,Jaipur,2026-02-08
1428,Kavya Mishra,Delhi,2025-07-16
1429,Aditya Pillai,Delhi,2024-03-09
1430,Nikhil Iyer,Kollam,2026-01-13
1431,Pooja Rao,Bengaluru,2024-12-31
1432,Rahul Singh,Kochi,2024-10-18
1433,Anjali Menon,Coimbatore,2024-07-17
1434,Ananya Rao,Hyderabad,2024-12-02
1435,Anjali Pillai,Kolkata,2025-08-21
1436,Rahul Shah,Pune,2025-01-08
1437,Ananya Gupta,Kozhikode,2024-01-05
1438,Ananya Singh,Ahmedabad,2024-08-14
1439,Meera Das,Jaipur,2025-01-03
1440,Rahul Varma,Coimbatore,2025-05-06
1441,Priya Mishra,Bengaluru,2026-03-04
1442,Sanjay Rao,Mumbai,2024-04-21
1443,Rohan Chopra,Kochi,2026-05-11
1444,Nikhil Patel,Coimbatore,2025-07-05
1445,Kiran Das,Kolkata,2026-06-26
1446,Aditya Menon,Coimbatore,2024-01-20
1447,Neha Sharma,Jaipur,2025-08-18
1448,Pooja Thomas,Ahmedabad,2025-08-27
1449,Kiran Nair,Mumbai,2024-09-23
1450,Kavya Verma,Hyderabad,2025-10-31
1451,Rahul Joseph,Chennai,2024-08-16
1452,Pooja Pillai,Kozhikode,2025-04-20
1453,Neha Bhat,Kochi,2025-02-10
1454,Diya Bhat,Thiruvananthapuram,2025-11-09
1455,Vivek Chopra,Delhi,2024-06-18
1456,Neha Patel,Hyderabad,2024-06-12
1457,Rohan Shah,Pune,2025-11-06
1458,Rahul Rao,Bengaluru,2024-02-11
1459,Vivek Rao,Kollam,2024-03-05
1460,Nikhil Joseph,Kollam,2024-02-13
1461,Kiran Bhat,Coimbatore,2026-03-21
1462,Diya Thomas,Hyderabad,2026-07-28
1463,Priya Nair,Thiruvananthapuram,2025-10-26
1464,Ananya Iyer,Kolkata,2025-06-17
1465,Nikhil Das,Pune,2025-07-11
1466,Pooja Reddy,Chennai,2025-10-31
1467,Isha Joseph,Pune,2025-10-31
1468,Aditya Bhat,Thrissur,2025-01-20
1469,Vivek Bhat,Chennai,2024-12-27
1470,Diya Rao,Ahmedabad,2025-05-08
1471,Anjali Sharma,Mumbai,2026-06-22
1472,Rahul Mishra,Kozhikode,2024-08-23
1473,Aditya Bhat,Delhi,2024-10-14
1474,Kiran Patel,Kozhikode,2024-06-10
1475,Diya Chopra,Kolkata,2026-04-16
1476,Arjun Singh,Chennai,2026-04-10
1477,Ananya Iyer,Hyderabad,2025-11-22
1478,Sneha Rao,Kollam,2025-08-27
1479,Rohan Gupta,Thiruvananthapuram,2024-09-06
1480,Vivaan Patel,Pune,2025-08-29
1481,Rohan Patel,Delhi,2025-06-08
1482,Vivaan Shah,Kozhikode,2024-02-27
1483,Rohan Das,Coimbatore,2024-07-03
1484,Neha Thomas,Pune,2025-07-31
1485,Aarav Pillai,Kochi,2024-08-09
1486,Priya Chopra,Hyderabad,2026-06-07
1487,Sneha Reddy,Kollam,2026-04-30
1488,Meera Chopra,Kozhikode,2026-03-24
1489,Pooja Reddy,Pune,2025-11-06
1490,Neha Das,Kozhikode,2026-01-11
1491,Ananya Mishra,Pune,2025-08-27
1492,Aditya Singh,Chennai,2025-01-29
1493,Rahul Iyer,Thiruvananthapuram,2024-07-26
1494,Neha Bhat,Delhi,2025-03-05
1495,Rahul Chopra,Kochi,2024-06-30
1496,Sneha Chopra,Pune,2024-02-09
1497,Kavya Bhat,Ahmedabad,2024-04-30
1498,Aditya Rao,Delhi,2024-05-13
1499,Anjali Verma,Jaipur,2024-01-02
1500,Meera Bhat,Chennai,2025-01-14
1501,Vivaan Bhat,Chennai,2024-08-22
1502,Sneha Thomas,Bengaluru,2025-08-26
1503,Pooja Iyer,Chennai,2024-05-17
1504,Nikhil Rao,Ahmedabad,2024-08-26
1505,Aditya Pillai,Pune,2026-06-16
1506,Kavya Gupta,Thrissur,2024-07-12
1507,Aarav Sharma,Pune,2025-06-19
1508,Arjun Bhat,Thiruvananthapuram,2025-01-19
1509,Kiran Varma,Chennai,2025-01-05
1510,Arjun Patel,Chennai,2025-10-29
1511,Pooja Das,Thrissur,2026-05-25
1512,Kavya Gupta,Pune,2025-01-09
1513,Anjali Das,Delhi,2025-02-10
1514,Kiran Gupta,Mumbai,2026-03-13
1515,Kavya Rao,Kozhikode,2025-01-14
1516,Kavya Verma,Hyderabad,2024-09-16
1517,Sanjay Shah,Bengaluru,2026-03-03
1518,Isha Patel,Jaipur,2026-06-03
1519,Arjun Singh,Hyderabad,2026-03-12
1520,Rohan Iyer,Kollam,2025-06-04
1521,Isha Varma,Ahmedabad,2025-07-17
1522,Anjali Nair,Kozhikode,2025-02-02
1523,Aarav Menon,Jaipur,2024-05-28
1524,Sneha Chopra,Chennai,2024-03-31
1525,Aditya Das,Kollam,2025-01-14
1526,Aditya Chopra,Thiruvananthapuram,2026-01-11
1527,Isha Thomas,Pune,2025-11-02
1528,Neha Pillai,Kolkata,2025-09-03
1529,Vivaan Reddy,Delhi,2025-05-21
1530,Priya Sharma,Kollam,2026-05-20
1531,Neha Pillai,Kollam,2024-02-04
1532,Anjali Bhat,Mumbai,2025-12-16
1533,Vivek Chopra,Kozhikode,2025-11-21
1534,Vivaan Joseph,Kollam,2025-11-01
1535,Aarav Reddy,Kochi,2024-10-09
1536,Isha Joseph,Delhi,2025-02-08
1537,Isha Shah,Kollam,2025-06-14
1538,Aarav Menon,Coimbatore,2024-04-02
1539,Kavya Pillai,Kolkata,2026-04-29
1540,Kavya Shah,Bengaluru,2024-12-21
1541,Nikhil Singh,Pune,2024-07-18
1542,Priya Thomas,Pune,2024-01-05
1543,Nikhil Reddy,Chennai,2025-06-02
1544,Arjun Verma,Kochi,2025-05-30
1545,Sanjay Varma,Kochi,2026-04-02
1546,Neha Das,Coimbatore,2025-07-04
1547,Pooja Das,Kolkata,2025-03-29
1548,Isha Shah,Hyderabad,2026-02-27
1549,Vivek Varma,Ahmedabad,2025-04-14
1550,Priya Shah,Jaipur,2024-01-29
1551,Sneha Iyer,Thrissur,2024-03-10
1552,Isha Singh,Delhi,2025-12-19
1553,Vivek Varma,Chennai,2024-12-27
1554,Neha Verma,Thiruvananthapuram,2025-12-18
1555,Nikhil Singh,Thrissur,2024-04-05
1556,Isha Varma,Kochi,2025-07-21
1557,Rohan Rao,Bengaluru,2024-12-28
1558,Kiran Shah,Thrissur,2024-07-06
1559,Kiran Rao,Kolkata,2024-07-23
1560,Vivek Singh,Jaipur,2024-09-28
1561,Kiran Singh,Kollam,2026-05-04
1562,Vivek Chopra,Bengaluru,2024-06-08
1563,Arjun Iyer,Coimbatore,2024-03-21
1564,Sneha Chopra,Thiruvananthapuram,2026-02-21
1565,Kavya Nair,Jaipur,2025-05-08
1566,Diya Chopra,Bengaluru,2025-05-19
1567,Pooja Das,Hyderabad,2024-07-06
1568,Neha Das,Chennai,2024-08-15
1569,Pooja Patel,Thiruvananthapuram,2025-06-22
1570,Meera Rao,Mumbai,2024-02-03
1571,Neha Joseph,Chennai,2026-05-31
1572,Rohan Mishra,Kochi,2025-12-16
1573,Neha Mishra,Bengaluru,2025-12-06
1574,Aarav Sharma,Delhi,2024-08-03
1575,Isha Shah,Kochi,2024-11-29
1576,Diya Chopra,Jaipur,2024-09-22
1577,Rohan Verma,Thrissur,2024-08-30
1578,Nikhil Rao,Pune,2024-12-17
1579,Diya Reddy,Hyderabad,2025-03-10
1580,Kiran Gupta,Kolkata,2026-02-09
1581,Diya Joseph,Jaipur,2025-02-14
1582,Nikhil Mishra,Kozhikode,2025-08-08
1583,Rahul Shah,Delhi,2024-08-22
1584,Arjun Das,Ahmedabad,2024-08-29
1585,Kavya Gupta,Jaipur,2025-01-25
1586,Kiran Patel,Ahmedabad,2026-01-26
1587,Rahul Rao,Ahmedabad,2024-01-10
1588,Rohan Gupta,Hyderabad,2024-05-17
1589,Neha Verma,Kolkata,2024-11-19
1590,Sneha Pillai,Thrissur,2025-07-29
1591,Pooja Nair,Chennai,2024-04-11
1592,Rohan Nair,Kollam,2026-04-13
1593,Nikhil Rao,Jaipur,2025-10-06
1594,Arjun Mishra,Kolkata,2024-12-08
1595,Nikhil Joseph,Bengaluru,2025-07-27
1596,Kavya Das,Bengaluru,2024-01-21
1597,Meera Iyer,Bengaluru,2026-06-07
1598,Anjali Kumar,Pune,2025-08-12
1599,Kavya Reddy,Ahmedabad,2024-10-18
1600,Diya Varma,Delhi,2025-06-06
1601,Sneha Mishra,Coimbatore,2024-03-21
1602,Isha Chopra,Thrissur,2025-04-19
1603,Rahul Reddy,Delhi,2026-04-07
1604,Ananya Gupta,Delhi,2025-09-19
1605,Pooja Thomas,Jaipur,2026-07-17
1606,Aditya Menon,Kozhikode,2024-12-17
1607,Vivek Varma,Bengaluru,2025-10-30
1608,Sanjay Das,Pune,2025-10-22
1609,Isha Das,Coimbatore,2025-03-31
1610,Diya Shah,Mumbai,2025-04-06
1611,Meera Reddy,Kozhikode,2026-05-24
1612,Aarav Patel,Kolkata,2024-08-28
1613,Nikhil Menon,Kollam,2024-06-19
1614,Isha Iyer,Kochi,2024-03-06
1615,Sneha Verma,Thiruvananthapuram,2024-01-27
1616,Isha Bhat,Ahmedabad,2024-03-26
1617,Arjun Das,Pune,2024-06-08
1618,Aditya Thomas,Thrissur,2024-08-22
1619,Vivek Pillai,Hyderabad,2025-10-03
1620,Rahul Patel,Mumbai,2026-05-08
1621,Rohan Sharma,Thiruvananthapuram,2025-11-10
1622,Diya Varma,Jaipur,2025-05-02
1623,Priya Verma,Coimbatore,2024-10-05
1624,Kavya Mishra,Kozhikode,2026-08-29
1625,Kavya Reddy,Pune,2025-09-03
1626,Priya Shah,Chennai,2025-06-20
1627,Kavya Pillai,Coimbatore,2024-12-21
1628,Sneha Verma,Kollam,2026-04-04
1629,Aditya Mishra,Thrissur,2025-01-09
1630,Meera Das,Kozhikode,2024-11-06
1631,Aarav Sharma,Mumbai,2026-04-14
1632,Rahul Joseph,Thrissur,2025-04-25
1633,Kavya Sharma,Kolkata,2026-08-02
1634,Sneha Rao,Thrissur,2024-01-10
1635,Meera Pillai,Pune,2024-08-24
1636,Aarav Verma,Bengaluru,2024-07-12
1637,Meera Verma,Chennai,2025-02-08
1638,Vivek Reddy,Kolkata,2026-01-24
1639,Isha Thomas,Kollam,2024-09-26
1640,Aditya Gupta,Delhi,2024-09-02
1641,Neha Chopra,Ahmedabad,2025-12-11
1642,Nikhil Pillai,Delhi,2026-01-30
1643,Kavya Das,Chennai,2024-07-11
1644,Aditya Reddy,Kozhikode,2024-10-23
1645,Arjun Mishra,Pune,2025-04-08
1646,Nikhil Chopra,Hyderabad,2024-07-11
1647,Ananya Sharma,Kozhikode,2024-02-20
1648,Kavya Sharma,Kozhikode,2024-04-14
1649,Sanjay Das,Kozhikode,2026-01-02
1650,Priya Sharma,Kollam,2024-04-02
1651,Rahul Sharma,Hyderabad,2024-08-10
1652,Ananya Gupta,Thrissur,2026-03-15
1653,Sneha Joseph,Hyderabad,2025-12-14
1654,Vivaan Varma,Kochi,2026-05-13
1655,Rahul Nair,Thrissur,2026-03-05
1656,Isha Menon,Mumbai,2025-04-26
1657,Rohan Kumar,Coimbatore,2026-05-11
1658,Nikhil Thomas,Jaipur,2024-01-13
1659,Arjun Singh,Chennai,2026-02-28
1660,Priya Singh,Kolkata,2024-02-04
1661,Kiran Mishra,Kolkata,2026-02-28
1662,Arjun Bhat,Delhi,2024-08-01
1663,Sneha Thomas,Delhi,2024-11-15
1664,Ananya Reddy,Delhi,2026-01-15
1665,Vivaan Verma,Mumbai,2024-05-05
1666,Nikhil Rao,Delhi,2024-11-01
1667,Kiran Joseph,Coimbatore,2024-02-23
1668,Kiran Iyer,Kollam,2025-10-10
1669,Meera Varma,Thiruvananthapuram,2024-06-20
1670,Nikhil Shah,Kochi,2025-02-09
1671,Vivek Sharma,Thiruvananthapuram,2025-08-18
1672,Sneha Chopra,Kozhikode,2025-01-15
1673,Aditya Singh,Kozhikode,2025-05-26
1674,Aditya Chopra,Bengaluru,2026-08-11
1675,Vivaan Nair,Bengaluru,2025-10-22
1676,Rahul Verma,Ahmedabad,2024-04-19
1677,Rahul Rao,Kollam,2024-11-20
1678,Kavya Joseph,Ahmedabad,2026-07-02
1679,Priya Kumar,Thiruvananthapuram,2025-12-06
1680,Isha Joseph,Kolkata,2024-05-17
1681,Nikhil Nair,Hyderabad,2025-12-24
1682,Priya Verma,Thrissur,2025-07-09
1683,Sneha Kumar,Pune,2024-07-10
1684,Kavya Joseph,Bengaluru,2026-01-19
1685,Priya Das,Jaipur,2026-05-01
1686,Anjali Verma,Kozhikode,2024-03-11
1687,Neha Patel,Hyderabad,2024-10-29
1688,Nikhil Verma,Bengaluru,2025-04-09
1689,Aarav Bhat,Chennai,2026-01-21
1690,Rohan Sharma,Pune,2026-05-27
1691,Diya Chopra,Kollam,2024-11-24
1692,Aditya Verma,Jaipur,2025-01-31
1693,Kiran Bhat,Delhi,2025-05-24
1694,Kavya Patel,Pune,2024-10-16
1695,Ananya Gupta,Delhi,2024-11-25
1696,Arjun Iyer,Mumbai,2025-11-05
1697,Aditya Nair,Jaipur,2026-08-18
1698,Rahul Reddy,Jaipur,2024-02-02
1699,Kiran Iyer,Hyderabad,2024-07-15
1700,Arjun Nair,Pune,2025-10-19
1701,Isha Rao,Mumbai,2025-09-30
1702,Pooja Das,Thiruvananthapuram,2025-01-10
1703,Vivek Chopra,Kolkata,2024-03-13
1704,Aarav Kumar,Delhi,2025-05-18
1705,Aditya Mishra,Ahmedabad,2025-10-16
1706,Vivaan Joseph,Mumbai,2026-01-31
1707,Meera Joseph,Ahmedabad,2025-12-26
1708,Vivaan Chopra,Thrissur,2025-06-25
1709,Vivaan Menon,Jaipur,2024-11-07
1710,Aditya Kumar,Mumbai,2024-04-09
1711,Arjun Singh,Mumbai,2025-01-29
1712,Kiran Kumar,Mumbai,2025-11-03
1713,Vivek Shah,Delhi,2026-08-28
1714,Rohan Verma,Kolkata,2025-07-25
1715,Meera Iyer,Ahmedabad,2025-10-15
1716,Pooja Joseph,Delhi,2025-04-14
1717,Meera Iyer,Kozhikode,2026-03-22
1718,Rohan Verma,Chennai,2025-05-31
1719,Ananya Reddy,Mumbai,2025-09-06
1720,Priya Joseph,Coimbatore,2024-11-18
1721,Kavya Varma,Jaipur,2025-01-15
1722,Meera Gupta,Jaipur,2026-01-13
1723,Ananya Chopra,Kollam,2025-07-30
1724,Kavya Kumar,Chennai,2026-02-23
1725,Kavya Das,Bengaluru,2025-04-08
1726,Priya Thomas,Thiruvananthapuram,2026-01-13
1727,Vivaan Pillai,Pune,2024-01-17
1728,Neha Patel,Coimbatore,2024-11-05
1729,Aarav Pillai,Kollam,2024-08-07
1730,Ananya Sharma,Ahmedabad,2026-04-21
1731,Nikhil Verma,Mumbai,2025-07-23
1732,Pooja Shah,Kozhikode,2024-04-06
1733,Vivaan Mishra,Bengaluru,2024-06-08
1734,Rahul Das,Bengaluru,2026-06-29
1735,Pooja Singh,Kollam,2024-09-19
1736,Sanjay Menon,Pune,2025-02-13
1737,Pooja Kumar,Kolkata,2024-03-20
1738,Ananya Rao,Kozhikode,2025-05-14
1739,Pooja Iyer,Pune,2025-10-19
1740,Sanjay Nair,Kolkata,2026-04-07
1741,Pooja Thomas,Kochi,2026-03-09
1742,Vivaan Varma,Bengaluru,2026-06-19
1743,Meera Gupta,Coimbatore,2026-06-07
1744,Arjun Singh,Kolkata,2025-10-30
1745,Anjali Sharma,Delhi,2026-03-07
1746,Isha Nair,Thrissur,2025-06-20
1747,Vivaan Varma,Mumbai,2025-08-01
1748,Rahul Varma,Mumbai,2025-12-15
1749,Vivek Patel,Thiruvananthapuram,2025-11-20
1750,Isha Mishra,Ahmedabad,2025-09-01
1751,Pooja Bhat,Kochi,2024-08-15
1752,Meera Pillai,Ahmedabad,2025-02-07
1753,Rahul Patel,Bengaluru,2024-03-25
1754,Sneha Shah,Kolkata,2024-02-20
1755,Kavya Thomas,Thrissur,2024-03-28
1756,Isha Bhat,Chennai,2026-03-03
1757,Rahul Patel,Hyderabad,2025-07-26
1758,Kiran Rao,Chennai,2025-10-29
1759,Pooja Kumar,Mumbai,2025-09-22
1760,Neha Singh,Kollam,2024-03-14
1761,Nikhil Gupta,Bengaluru,2025-12-02
1762,Pooja Menon,Kochi,2025-11-18
1763,Meera Gupta,Bengaluru,2024-12-22
1764,Kiran Varma,Bengaluru,2025-08-31
1765,Aarav Pillai,Kozhikode,2024-12-24
1766,Anjali Mishra,Pune,2024-05-29
1767,Priya Nair,Coimbatore,2026-04-17
1768,Vivek Kumar,Delhi,2025-01-17
1769,Rahul Menon,Kochi,2026-01-27
1770,Vivaan Singh,Pune,2026-08-06
1771,Rahul Pillai,Thiruvananthapuram,2024-12-17
1772,Arjun Pillai,Hyderabad,2025-04-27
1773,Aarav Varma,Kollam,2026-01-27
1774,Kavya Kumar,Kollam,2025-07-13
1775,Neha Das,Mumbai,2025-05-09
1776,Anjali Patel,Kolkata,2025-12-16
1777,Aarav Thomas,Pune,2026-07-16
1778,Neha Nair,Thrissur,2024-06-23
1779,Vivaan Pillai,Kollam,2026-03-19
1780,Anjali Das,Thiruvananthapuram,2025-04-21
1781,Aarav Menon,Chennai,2025-11-07
1782,Nikhil Joseph,Jaipur,2024-04-20
1783,Aarav Pillai,Jaipur,2026-06-23
1784,Isha Singh,Chennai,2025-06-04
1785,Arjun Varma,Hyderabad,2026-06-06
1786,Anjali Verma,Kochi,2024-07-09
1787,Kiran Bhat,Hyderabad,2025-07-28
1788,Aarav Nair,Kollam,2026-08-02
1789,Neha Pillai,Bengaluru,2025-05-16
1790,Isha Reddy,Thiruvananthapuram,2024-12-21
1791,Diya Joseph,Delhi,2024-11-05
1792,Vivek Bhat,Thrissur,2026-04-11
1793,Vivaan Das,Coimbatore,2025-01-31
1794,Aarav Verma,Thrissur,2024-08-18
1795,Rahul Varma,Coimbatore,2025-02-06
1796,Rahul Menon,Kolkata,2025-01-26
1797,Neha Chopra,Jaipur,2025-10-02
1798,Vivek Gupta,Kollam,2025-08-09
1799,Rahul Gupta,Thrissur,2026-07-20
1800,Anjali Varma,Hyderabad,2025-07-09
1801,Rahul Kumar,Delhi,2024-05-21
1802,Pooja Verma,Delhi,2026-03-30
1803,Kiran Patel,Thrissur,2025-12-06
1804,Neha Patel,Chennai,2026-07-19
1805,Rahul Shah,Coimbatore,2024-06-10
1806,Ananya Menon,Mumbai,2025-06-29
1807,Arjun Reddy,Bengaluru,2026-05-09
1808,Rahul Sharma,Ahmedabad,2024-11-22
1809,Meera Gupta,Thrissur,2025-03-29
1810,Nikhil Patel,Ahmedabad,2024-07-11
1811,Arjun Patel,Kozhikode,2024-01-27
1812,Anjali Chopra,Thrissur,2025-09-12
1813,Pooja Chopra,Kollam,2025-09-02
1814,Vivek Singh,Delhi,2024-01-27
1815,Diya Menon,Kolkata,2026-03-09
1816,Sneha Patel,Mumbai,2026-05-16
1817,Anjali Rao,Kolkata,2025-10-27
1818,Diya Reddy,Jaipur,2025-01-31
1819,Sneha Rao,Kozhikode,2024-06-16
1820,Kiran Singh,Thiruvananthapuram,2025-02-22
1821,Aarav Das,Chennai,2024-08-15
1822,Kiran Kumar,Kochi,2024-06-30
1823,Priya Chopra,Hyderabad,2025-12-05
1824,Ananya Mishra,Coimbatore,2024-09-09
1825,Meera Thomas,Ahmedabad,2024-02-12
1826,Anjali Thomas,Kolkata,2024-11-16
1827,Isha Chopra,Kolkata,2025-08-08
1828,Anjali Verma,Mumbai,2025-10-18
1829,Vivaan Bhat,Kochi,2025-04-07
1830,Priya Nair,Coimbatore,2024-09-08
1831,Neha Verma,Chennai,2026-01-22
1832,Vivaan Verma,Chennai,2025-06-12
1833,Vivaan Kumar,Thrissur,2025-03-26
1834,Isha Pillai,Ahmedabad,2026-04-27
1835,Sanjay Mishra,Kozhikode,2025-03-08
1836,Sanjay Chopra,Coimbatore,2024-02-25
1837,Neha Patel,Hyderabad,2026-04-29
1838,Priya Menon,Kolkata,2025-05-27
1839,Arjun Reddy,Ahmedabad,2025-08-22
1840,Kavya Patel,Chennai,2025-02-27
1841,Ananya Mishra,Thiruvananthapuram,2024-07-02
1842,Priya Shah,Coimbatore,2025-12-30
1843,Kiran Mishra,Kochi,2024-09-13
1844,Ananya Reddy,Kolkata,2026-01-20
1845,Arjun Menon,Kochi,2025-12-24
1846,Priya Joseph,Kochi,2025-06-20
1847,Isha Bhat,Pune,2026-08-30
1848,Rohan Thomas,Mumbai,2025-01-24
1849,Vivaan Reddy,Coimbatore,2024-12-09
1850,Pooja Patel,Kozhikode,2026-06-08
1851,Rahul Reddy,Ahmedabad,2025-12-30
1852,Vivaan Gupta,Thrissur,2024-11-12
1853,Priya Pillai,Delhi,2024-07-04
1854,Arjun Patel,Kollam,2024-01-04
1855,Anjali Das,Thiruvananthapuram,2025-04-14
1856,Sneha Rao,Mumbai,2026-04-06
1857,Aarav Chopra,Coimbatore,2025-05-20
1858,Vivek Kumar,Pune,2025-11-06
1859,Sneha Mishra,Chennai,2025-03-28
1860,Aditya Chopra,Pune,2024-01-07
1861,Vivek Verma,Thrissur,2025-09-26
1862,Kavya Kumar,Thiruvananthapuram,2024-07-08
1863,Rahul Nair,Delhi,2024-12-23
1864,Vivaan Patel,Jaipur,2024-02-03
1865,Pooja Chopra,Thrissur,2024-12-05
1866,Aditya Nair,Kochi,2025-03-02
1867,Rohan Reddy,Delhi,2024-10-18
1868,Anjali Chopra,Pune,2026-03-17
1869,Kavya Reddy,Hyderabad,2026-02-06
1870,Pooja Joseph,Coimbatore,2024-02-06
1871,Aditya Pillai,Bengaluru,2025-01-12
1872,Isha Menon,Ahmedabad,2025-03-13
1873,Kavya Menon,Thrissur,2025-04-27
1874,Rahul Iyer,Kolkata,2026-05-30
1875,Nikhil Varma,Mumbai,2025-02-27
1876,Neha Kumar,Kolkata,2024-08-02
1877,Anjali Nair,Kochi,2025-08-08
1878,Neha Menon,Hyderabad,2026-01-11
1879,Anjali Pillai,Chennai,2025-09-15
1880,Ananya Das,Mumbai,2025-08-11
1881,Anjali Joseph,Coimbatore,2024-05-12
1882,Anjali Shah,Hyderabad,2025-06-16
1883,Sneha Rao,Ahmedabad,2024-07-03
1884,Anjali Singh,Kolkata,2024-10-24
1885,Kiran Sharma,Kochi,2024-01-25
1886,Priya Iyer,Kolkata,2026-05-18
1887,Kiran Chopra,Chennai,2025-02-27
1888,Vivaan Varma,Bengaluru,2025-07-27
1889,Kiran Sharma,Delhi,2024-07-25
1890,Sanjay Das,Ahmedabad,2024-03-10
1891,Sanjay Pillai,Mumbai,2025-07-17
1892,Ananya Sharma,Kochi,2025-12-03
1893,Ananya Varma,Chennai,2026-01-11
1894,Pooja Chopra,Thiruvananthapuram,2026-05-02
1895,Rohan Kumar,Bengaluru,2026-05-03
1896,Ananya Rao,Coimbatore,2025-04-30
1897,Vivaan Patel,Hyderabad,2024-06-08
1898,Priya Verma,Coimbatore,2024-12-09
1899,Priya Gupta,Coimbatore,2026-01-30
1900,Vivaan Bhat,Thrissur,2025-08-01
1901,Ananya Verma,Mumbai,2024-01-20
1902,Kiran Shah,Delhi,2024-12-05
1903,Diya Menon,Kozhikode,2024-10-14
1904,Aarav Varma,Chennai,2025-10-03
1905,Kavya Reddy,Pune,2025-09-12
1906,Isha Reddy,Pune,2024-04-29
1907,Sanjay Varma,Kolkata,2024-02-02
1908,Nikhil Gupta,Kochi,2025-05-23
1909,Vivek Joseph,Hyderabad,2026-04-29
1910,Sanjay Kumar,Mumbai,2024-11-05
1911,Rohan Iyer,Bengaluru,2026-03-14
1912,Vivaan Kumar,Coimbatore,2024-04-04
1913,Priya Bhat,Thiruvananthapuram,2026-03-29
1914,Sneha Bhat,Kozhikode,2024-07-13
1915,Ananya Rao,Kolkata,2026-06-13
1916,Neha Pillai,Ahmedabad,2024-12-01
1917,Rahul Iyer,Jaipur,2026-08-18
1918,Neha Patel,Kollam,2026-01-11
1919,Vivaan Mishra,Chennai,2025-12-31
1920,Neha Iyer,Thiruvananthapuram,2024-11-14
1921,Vivaan Chopra,Jaipur,2024-03-30
1922,Ananya Mishra,Coimbatore,2024-02-17
1923,Arjun Bhat,Ahmedabad,2025-11-05
1924,Sanjay Sharma,Pune,2026-02-15
1925,Sanjay Kumar,Bengaluru,2024-07-24
1926,Kiran Pillai,Thrissur,2025-06-29
1927,Ananya Mishra,Delhi,2024-04-30
1928,Nikhil Patel,Kozhikode,2024-10-07
1929,Arjun Sharma,Pune,2025-07-27
1930,Neha Iyer,Kollam,2025-07-09
1931,Diya Verma,Bengaluru,2024-10-04
1932,Rahul Pillai,Pune,2024-09-07
1933,Rohan Menon,Thrissur,2025-09-19
1934,Ananya Verma,Hyderabad,2024-02-21
1935,Rahul Sharma,Hyderabad,2026-07-13
1936,Vivaan Iyer,Chennai,2024-02-25
1937,Aditya Gupta,Chennai,2024-07-02
1938,Anjali Shah,Delhi,2026-05-06
1939,Priya Chopra,Bengaluru,2024-11-15
1940,Ananya Kumar,Kolkata,2026-02-15
1941,Kavya Menon,Coimbatore,2026-02-12
1942,Priya Shah,Kozhikode,2024-04-05
1943,Priya Iyer,Hyderabad,2024-11-13
1944,Priya Rao,Kollam,2026-08-28
1945,Vivek Patel,Jaipur,2026-07-06
1946,Anjali Das,Coimbatore,2025-01-07
1947,Isha Reddy,Kolkata,2026-07-28
1948,Ananya Varma,Hyderabad,2025-05-14
1949,Aarav Menon,Hyderabad,2024-04-25
1950,Diya Rao,Hyderabad,2026-05-16
1951,Rohan Pillai,Ahmedabad,2024-12-22
1952,Anjali Shah,Kozhikode,2025-06-04
1953,Arjun Thomas,Jaipur,2026-01-01
1954,Arjun Varma,Mumbai,2025-10-27
1955,Aditya Pillai,Mumbai,2025-04-17
1956,Isha Shah,Chennai,2024-09-01
1957,Anjali Singh,Mumbai,2024-06-11
1958,Sneha Thomas,Kochi,2024-12-14
1959,Kiran Shah,Chennai,2026-03-14
1960,Meera Shah,Ahmedabad,2024-12-16
1961,Kavya Singh,Kozhikode,2025-11-09
1962,Aditya Shah,Jaipur,2025-05-13
1963,Arjun Shah,Pune,2025-04-19
1964,Ananya Verma,Kochi,2026-04-21
1965,Priya Reddy,Thrissur,2025-02-19
1966,Aditya Chopra,Kochi,2025-12-02
1967,Anjali Thomas,Bengaluru,2025-05-21
1968,Vivaan Menon,Kollam,2026-04-16
1969,Rahul Shah,Coimbatore,2026-02-12
1970,Aarav Patel,Delhi,2024-06-01
1971,Priya Verma,Thrissur,2025-02-03
1972,Anjali Shah,Hyderabad,2024-07-19
1973,Kiran Varma,Thrissur,2025-08-06
1974,Sanjay Gupta,Kolkata,2026-07-26
1975,Diya Menon,Pune,2024-01-09
1976,Anjali Bhat,Chennai,2026-05-17
1977,Rahul Pillai,Thiruvananthapuram,2025-01-13
1978,Kavya Nair,Thiruvananthapuram,2025-12-21
1979,Kavya Joseph,Kochi,2026-05-31
1980,Sanjay Sharma,Kollam,2025-03-18
1981,Pooja Thomas,Delhi,2024-11-21
1982,Isha Thomas,Chennai,2025-03-21
1983,Kavya Kumar,Delhi,2024-06-26
1984,Sneha Patel,Kollam,2025-07-22
1985,Isha Joseph,Jaipur,2025-03-03
1986,Rahul Pillai,Jaipur,2025-11-17
1987,Rahul Patel,Thiruvananthapuram,2024-03-14
1988,Aarav Patel,Kolkata,2026-06-25
1989,Sneha Gupta,Kozhikode,2024-03-27
1990,Rahul Gupta,Jaipur,2025-04-11
1991,Anjali Gupta,Pune,2024-07-03
1992,Priya Bhat,Chennai,2025-07-19
1993,Priya Thomas,Bengaluru,2024-08-19
1994,Rohan Gupta,Pune,2024-01-08
1995,Pooja Rao,Jaipur,2026-01-18
1996,Vivek Bhat,Thrissur,2025-02-24
1997,Kavya Shah,Bengaluru,2024-02-04
1998,Vivaan Shah,Hyderabad,2025-12-22
1999,Diya Iyer,Pune,2025-05-08
2000,Aditya Patel,Kolkata,2026-01-18
